,id,Date,Open,High,Low,Close,Volume,Symbol,Security,SEC filings,GICS Sector,GICS Sub-Industry,Headquarters Location,Date first added,CIK,Founded
5291,5291.0,2021-04-16,69.7,70.6,68.7,69.3,1465800.0,ALK,Alaska Air Group,reports,Industrials,Airlines,"Seattle, Washington",2016-05-13,766421.0,1985
5292,5292.0,2021-04-19,69.0,69.2,67.9,68.8,1286300.0,ALK,Alaska Air Group,reports,Industrials,Airlines,"Seattle, Washington",2016-05-13,766421.0,1985
5293,5293.0,2021-04-20,67.9,68.0,65.4,66.9,1749800.0,ALK,Alaska Air Group,reports,Industrials,Airlines,"Seattle, Washington",2016-05-13,766421.0,1985
5294,5294.0,2021-04-21,66.5,68.8,64.8,68.8,1668900.0,ALK,Alaska Air Group,reports,Industrials,Airlines,"Seattle, Washington",2016-05-13,766421.0,1985
5295,5295.0,2021-04-22,70.0,70.2,67.0,67.0,2410600.0,ALK,Alaska Air Group,reports,Industrials,Airlines,"Seattle, Washington",2016-05-13,766421.0,1985
5296,5296.0,2021-04-23,67.6,69.6,67.2,69.2,1187300.0,ALK,Alaska Air Group,reports,Industrials,Airlines,"Seattle, Washington",2016-05-13,766421.0,1985
5297,5297.0,2021-04-26,70.4,70.9,68.7,69.5,1824100.0,ALK,Alaska Air Group,reports,Industrials,Airlines,"Seattle, Washington",2016-05-13,766421.0,1985
5298,5298.0,2021-04-27,69.0,69.7,68.5,69.1,838300.0,ALK,Alaska Air Group,reports,Industrials,Airlines,"Seattle, Washington",2016-05-13,766421.0,1985
5299,5299.0,2021-04-28,68.9,69.0,68.1,68.7,1023000.0,ALK,Alaska Air Group,reports,Industrials,Airlines,"Seattle, Washington",2016-05-13,766421.0,1985
5300,5300.0,2021-04-29,69.3,69.5,68.2,68.6,889400.0,ALK,Alaska Air Group,reports,Industrials,Airlines,"Seattle, Washington",2016-05-13,766421.0,1985
5301,5301.0,2021-04-30,68.0,69.7,67.8,69.1,1616300.0,ALK,Alaska Air Group,reports,Industrials,Airlines,"Seattle, Washington",2016-05-13,766421.0,1985
5302,5302.0,2021-05-03,69.5,69.8,68.1,68.7,1186100.0,ALK,Alaska Air Group,reports,Industrials,Airlines,"Seattle, Washington",2016-05-13,766421.0,1985
5303,5303.0,2021-05-04,68.1,68.9,65.9,66.6,1887800.0,ALK,Alaska Air Group,reports,Industrials,Airlines,"Seattle, Washington",2016-05-13,766421.0,1985
5304,5304.0,2021-05-05,66.0,67.8,66.0,66.9,1159900.0,ALK,Alaska Air Group,reports,Industrials,Airlines,"Seattle, Washington",2016-05-13,766421.0,1985
5305,5305.0,2021-05-06,67.0,67.4,65.8,67.0,1014700.0,ALK,Alaska Air Group,reports,Industrials,Airlines,"Seattle, Washington",2016-05-13,766421.0,1985
5306,5306.0,2021-05-07,66.5,68.6,66.5,67.9,829200.0,ALK,Alaska Air Group,reports,Industrials,Airlines,"Seattle, Washington",2016-05-13,766421.0,1985
5307,5307.0,2021-05-10,68.0,68.5,67.0,67.1,814300.0,ALK,Alaska Air Group,reports,Industrials,Airlines,"Seattle, Washington",2016-05-13,766421.0,1985
5308,5308.0,2021-05-11,65.3,66.1,63.6,65.5,1279800.0,ALK,Alaska Air Group,reports,Industrials,Airlines,"Seattle, Washington",2016-05-13,766421.0,1985
5309,5309.0,2021-05-12,65.2,66.5,64.6,64.8,1809400.0,ALK,Alaska Air Group,reports,Industrials,Airlines,"Seattle, Washington",2016-05-13,766421.0,1985
5310,5310.0,2021-05-13,65.4,67.7,65.3,67.2,1592100.0,ALK,Alaska Air Group,reports,Industrials,Airlines,"Seattle, Washington",2016-05-13,766421.0,1985
5311,5311.0,2021-05-14,68.1,70.3,68.1,69.8,1454300.0,ALK,Alaska Air Group,reports,Industrials,Airlines,"Seattle, Washington",2016-05-13,766421.0,1985
5312,5312.0,2021-05-17,69.2,71.9,68.5,71.7,2057900.0,ALK,Alaska Air Group,reports,Industrials,Airlines,"Seattle, Washington",2016-05-13,766421.0,1985
5313,5313.0,2021-05-18,72.0,72.9,70.3,70.3,1457200.0,ALK,Alaska Air Group,reports,Industrials,Airlines,"Seattle, Washington",2016-05-13,766421.0,1985
5314,5314.0,2021-05-19,69.3,69.8,67.9,69.3,953200.0,ALK,Alaska Air Group,reports,Industrials,Airlines,"Seattle, Washington",2016-05-13,766421.0,1985
5315,5315.0,2021-05-20,69.9,69.9,67.5,68.4,834500.0,ALK,Alaska Air Group,reports,Industrials,Airlines,"Seattle, Washington",2016-05-13,766421.0,1985
5316,5316.0,2021-05-21,68.9,69.3,68.0,68.1,1083500.0,ALK,Alaska Air Group,reports,Industrials,Airlines,"Seattle, Washington",2016-05-13,766421.0,1985
5317,5317.0,2021-05-24,68.4,69.4,67.8,69.3,794400.0,ALK,Alaska Air Group,reports,Industrials,Airlines,"Seattle, Washington",2016-05-13,766421.0,1985
5318,5318.0,2021-05-25,69.0,70.3,68.1,68.3,1780700.0,ALK,Alaska Air Group,reports,Industrials,Airlines,"Seattle, Washington",2016-05-13,766421.0,1985
5319,5319.0,2021-05-26,68.8,69.9,68.6,69.6,1143700.0,ALK,Alaska Air Group,reports,Industrials,Airlines,"Seattle, Washington",2016-05-13,766421.0,1985
5320,5320.0,2021-05-27,70.1,70.6,69.4,70.4,856400.0,ALK,Alaska Air Group,reports,Industrials,Airlines,"Seattle, Washington",2016-05-13,766421.0,1985
5321,5321.0,2021-05-28,70.3,70.4,68.9,69.2,1158100.0,ALK,Alaska Air Group,reports,Industrials,Airlines,"Seattle, Washington",2016-05-13,766421.0,1985
5322,5322.0,2021-06-01,69.9,70.9,68.9,69.5,1557000.0,ALK,Alaska Air Group,reports,Industrials,Airlines,"Seattle, Washington",2016-05-13,766421.0,1985
5323,5323.0,2021-06-02,69.8,69.8,67.5,67.8,1876100.0,ALK,Alaska Air Group,reports,Industrials,Airlines,"Seattle, Washington",2016-05-13,766421.0,1985
5324,5324.0,2021-06-03,66.8,67.3,65.3,65.5,2206500.0,ALK,Alaska Air Group,reports,Industrials,Airlines,"Seattle, Washington",2016-05-13,766421.0,1985
5325,5325.0,2021-06-04,65.8,66.2,64.8,65.4,1267500.0,ALK,Alaska Air Group,reports,Industrials,Airlines,"Seattle, Washington",2016-05-13,766421.0,1985
5326,5326.0,2021-06-07,65.9,66.4,65.3,65.6,1094000.0,ALK,Alaska Air Group,reports,Industrials,Airlines,"Seattle, Washington",2016-05-13,766421.0,1985
5327,5327.0,2021-06-08,66.0,66.9,65.2,66.3,1272400.0,ALK,Alaska Air Group,reports,Industrials,Airlines,"Seattle, Washington",2016-05-13,766421.0,1985
5328,5328.0,2021-06-09,66.6,66.7,65.5,65.6,1010400.0,ALK,Alaska Air Group,reports,Industrials,Airlines,"Seattle, Washington",2016-05-13,766421.0,1985
5329,5329.0,2021-06-10,67.0,67.0,64.8,64.9,1491800.0,ALK,Alaska Air Group,reports,Industrials,Airlines,"Seattle, Washington",2016-05-13,766421.0,1985
5330,5330.0,2021-06-11,64.9,65.8,63.4,65.5,2844200.0,ALK,Alaska Air Group,reports,Industrials,Airlines,"Seattle, Washington",2016-05-13,766421.0,1985
5331,5331.0,2021-06-14,65.1,65.8,64.3,64.4,1942800.0,ALK,Alaska Air Group,reports,Industrials,Airlines,"Seattle, Washington",2016-05-13,766421.0,1985
5332,5332.0,2021-06-15,64.7,64.9,63.5,64.3,1720900.0,ALK,Alaska Air Group,reports,Industrials,Airlines,"Seattle, Washington",2016-05-13,766421.0,1985
5333,5333.0,2021-06-16,64.4,64.9,63.6,63.9,1306500.0,ALK,Alaska Air Group,reports,Industrials,Airlines,"Seattle, Washington",2016-05-13,766421.0,1985
5334,5334.0,2021-06-17,64.2,64.5,61.9,62.6,1720000.0,ALK,Alaska Air Group,reports,Industrials,Airlines,"Seattle, Washington",2016-05-13,766421.0,1985
5335,5335.0,2021-06-18,62.4,64.1,62.0,63.3,3381600.0,ALK,Alaska Air Group,reports,Industrials,Airlines,"Seattle, Washington",2016-05-13,766421.0,1985
5336,5336.0,2021-06-21,63.8,65.2,63.6,65.0,1516700.0,ALK,Alaska Air Group,reports,Industrials,Airlines,"Seattle, Washington",2016-05-13,766421.0,1985
5337,5337.0,2021-06-22,64.6,65.0,63.1,64.2,1818000.0,ALK,Alaska Air Group,reports,Industrials,Airlines,"Seattle, Washington",2016-05-13,766421.0,1985
5338,5338.0,2021-06-23,64.3,64.5,63.7,63.8,1495300.0,ALK,Alaska Air Group,reports,Industrials,Airlines,"Seattle, Washington",2016-05-13,766421.0,1985
5339,5339.0,2021-06-24,64.2,64.4,63.1,63.5,1281800.0,ALK,Alaska Air Group,reports,Industrials,Airlines,"Seattle, Washington",2016-05-13,766421.0,1985
5340,5340.0,2021-06-25,63.4,63.7,62.9,63.3,1693600.0,ALK,Alaska Air Group,reports,Industrials,Airlines,"Seattle, Washington",2016-05-13,766421.0,1985
5341,5341.0,2021-06-28,62.5,62.7,60.5,61.5,2038700.0,ALK,Alaska Air Group,reports,Industrials,Airlines,"Seattle, Washington",2016-05-13,766421.0,1985
5342,5342.0,2021-06-29,61.3,61.6,59.8,60.1,3916100.0,ALK,Alaska Air Group,reports,Industrials,Airlines,"Seattle, Washington",2016-05-13,766421.0,1985
5343,5343.0,2021-06-30,60.0,60.6,59.8,60.3,4112700.0,ALK,Alaska Air Group,reports,Industrials,Airlines,"Seattle, Washington",2016-05-13,766421.0,1985
5344,5344.0,2021-07-01,60.9,61.5,60.5,61.4,2243600.0,ALK,Alaska Air Group,reports,Industrials,Airlines,"Seattle, Washington",2016-05-13,766421.0,1985
5345,5345.0,2021-07-02,61.7,61.8,60.4,60.7,1194700.0,ALK,Alaska Air Group,reports,Industrials,Airlines,"Seattle, Washington",2016-05-13,766421.0,1985
5346,5346.0,2021-07-06,60.7,61.1,58.9,59.2,1452200.0,ALK,Alaska Air Group,reports,Industrials,Airlines,"Seattle, Washington",2016-05-13,766421.0,1985
5347,5347.0,2021-07-07,59.0,59.6,57.2,57.6,2208000.0,ALK,Alaska Air Group,reports,Industrials,Airlines,"Seattle, Washington",2016-05-13,766421.0,1985
5348,5348.0,2021-07-08,56.5,58.7,55.9,57.8,1830700.0,ALK,Alaska Air Group,reports,Industrials,Airlines,"Seattle, Washington",2016-05-13,766421.0,1985
5349,5349.0,2021-07-09,58.7,59.6,58.3,59.4,1213500.0,ALK,Alaska Air Group,reports,Industrials,Airlines,"Seattle, Washington",2016-05-13,766421.0,1985
5350,5350.0,2021-07-12,58.8,59.8,58.1,59.7,1297400.0,ALK,Alaska Air Group,reports,Industrials,Airlines,"Seattle, Washington",2016-05-13,766421.0,1985
5351,5351.0,2021-07-13,59.0,59.1,57.5,57.6,1810300.0,ALK,Alaska Air Group,reports,Industrials,Airlines,"Seattle, Washington",2016-05-13,766421.0,1985
5352,5352.0,2021-07-14,58.5,59.4,57.2,57.5,1533700.0,ALK,Alaska Air Group,reports,Industrials,Airlines,"Seattle, Washington",2016-05-13,766421.0,1985
5353,5353.0,2021-07-15,57.1,58.0,56.0,56.9,1939000.0,ALK,Alaska Air Group,reports,Industrials,Airlines,"Seattle, Washington",2016-05-13,766421.0,1985
5354,5354.0,2021-07-16,57.5,57.6,54.4,54.6,2810200.0,ALK,Alaska Air Group,reports,Industrials,Airlines,"Seattle, Washington",2016-05-13,766421.0,1985
5355,5355.0,2021-07-19,52.8,53.7,51.8,52.8,3103700.0,ALK,Alaska Air Group,reports,Industrials,Airlines,"Seattle, Washington",2016-05-13,766421.0,1985
5356,5356.0,2021-07-20,52.8,55.9,52.6,55.5,2404400.0,ALK,Alaska Air Group,reports,Industrials,Airlines,"Seattle, Washington",2016-05-13,766421.0,1985
5357,5357.0,2021-07-21,56.3,58.2,56.3,57.6,2659100.0,ALK,Alaska Air Group,reports,Industrials,Airlines,"Seattle, Washington",2016-05-13,766421.0,1985
5358,5358.0,2021-07-22,56.9,59.0,55.4,58.0,4907400.0,ALK,Alaska Air Group,reports,Industrials,Airlines,"Seattle, Washington",2016-05-13,766421.0,1985
5359,5359.0,2021-07-23,58.9,59.5,57.7,58.3,1920000.0,ALK,Alaska Air Group,reports,Industrials,Airlines,"Seattle, Washington",2016-05-13,766421.0,1985
5360,5360.0,2021-07-26,58.3,60.7,58.3,60.6,2326900.0,ALK,Alaska Air Group,reports,Industrials,Airlines,"Seattle, Washington",2016-05-13,766421.0,1985
5361,5361.0,2021-07-27,60.3,60.5,59.1,59.3,1552500.0,ALK,Alaska Air Group,reports,Industrials,Airlines,"Seattle, Washington",2016-05-13,766421.0,1985
5362,5362.0,2021-07-28,59.9,60.2,58.3,59.7,1586200.0,ALK,Alaska Air Group,reports,Industrials,Airlines,"Seattle, Washington",2016-05-13,766421.0,1985
5363,5363.0,2021-07-29,60.3,60.5,58.8,58.8,1423400.0,ALK,Alaska Air Group,reports,Industrials,Airlines,"Seattle, Washington",2016-05-13,766421.0,1985
5364,5364.0,2021-07-30,58.1,59.4,57.7,58.0,2072600.0,ALK,Alaska Air Group,reports,Industrials,Airlines,"Seattle, Washington",2016-05-13,766421.0,1985
5365,5365.0,2021-08-02,58.2,59.7,56.6,56.7,2440100.0,ALK,Alaska Air Group,reports,Industrials,Airlines,"Seattle, Washington",2016-05-13,766421.0,1985
5366,5366.0,2021-08-03,56.7,57.2,55.2,57.2,1833300.0,ALK,Alaska Air Group,reports,Industrials,Airlines,"Seattle, Washington",2016-05-13,766421.0,1985
5367,5367.0,2021-08-04,56.1,57.0,54.8,55.2,2127400.0,ALK,Alaska Air Group,reports,Industrials,Airlines,"Seattle, Washington",2016-05-13,766421.0,1985
5368,5368.0,2021-08-05,55.3,57.9,55.2,57.6,2223800.0,ALK,Alaska Air Group,reports,Industrials,Airlines,"Seattle, Washington",2016-05-13,766421.0,1985
5369,5369.0,2021-08-06,58.1,58.5,57.0,57.9,1499300.0,ALK,Alaska Air Group,reports,Industrials,Airlines,"Seattle, Washington",2016-05-13,766421.0,1985
5370,5370.0,2021-08-09,57.1,57.5,55.9,56.9,1344900.0,ALK,Alaska Air Group,reports,Industrials,Airlines,"Seattle, Washington",2016-05-13,766421.0,1985
5371,5371.0,2021-08-10,56.8,59.0,56.5,58.5,1621300.0,ALK,Alaska Air Group,reports,Industrials,Airlines,"Seattle, Washington",2016-05-13,766421.0,1985
5372,5372.0,2021-08-11,57.8,59.7,57.5,59.5,2010100.0,ALK,Alaska Air Group,reports,Industrials,Airlines,"Seattle, Washington",2016-05-13,766421.0,1985
5373,5373.0,2021-08-12,59.1,59.3,57.7,58.6,1174800.0,ALK,Alaska Air Group,reports,Industrials,Airlines,"Seattle, Washington",2016-05-13,766421.0,1985
5374,5374.0,2021-08-13,58.4,58.5,57.5,57.6,1099300.0,ALK,Alaska Air Group,reports,Industrials,Airlines,"Seattle, Washington",2016-05-13,766421.0,1985
5375,5375.0,2021-08-16,57.1,57.5,56.1,57.4,1417000.0,ALK,Alaska Air Group,reports,Industrials,Airlines,"Seattle, Washington",2016-05-13,766421.0,1985
5376,5376.0,2021-08-17,56.5,56.5,54.6,55.2,1861700.0,ALK,Alaska Air Group,reports,Industrials,Airlines,"Seattle, Washington",2016-05-13,766421.0,1985
5377,5377.0,2021-08-18,55.1,56.2,54.8,54.9,2306300.0,ALK,Alaska Air Group,reports,Industrials,Airlines,"Seattle, Washington",2016-05-13,766421.0,1985
5378,5378.0,2021-08-19,54.5,54.8,52.9,54.0,1745700.0,ALK,Alaska Air Group,reports,Industrials,Airlines,"Seattle, Washington",2016-05-13,766421.0,1985
5379,5379.0,2021-08-20,53.8,54.5,53.6,54.3,1248900.0,ALK,Alaska Air Group,reports,Industrials,Airlines,"Seattle, Washington",2016-05-13,766421.0,1985
5380,5380.0,2021-08-23,55.0,56.1,54.9,55.2,2324100.0,ALK,Alaska Air Group,reports,Industrials,Airlines,"Seattle, Washington",2016-05-13,766421.0,1985
5381,5381.0,2021-08-24,56.0,57.5,56.0,57.1,1393500.0,ALK,Alaska Air Group,reports,Industrials,Airlines,"Seattle, Washington",2016-05-13,766421.0,1985
5382,5382.0,2021-08-25,57.1,58.1,56.7,57.7,1336300.0,ALK,Alaska Air Group,reports,Industrials,Airlines,"Seattle, Washington",2016-05-13,766421.0,1985
5383,5383.0,2021-08-26,57.2,58.2,56.7,57.2,1343800.0,ALK,Alaska Air Group,reports,Industrials,Airlines,"Seattle, Washington",2016-05-13,766421.0,1985
5384,5384.0,2021-08-27,57.3,58.7,57.3,58.2,1415600.0,ALK,Alaska Air Group,reports,Industrials,Airlines,"Seattle, Washington",2016-05-13,766421.0,1985
5385,5385.0,2021-08-30,58.5,58.5,56.5,56.7,1247100.0,ALK,Alaska Air Group,reports,Industrials,Airlines,"Seattle, Washington",2016-05-13,766421.0,1985
5386,5386.0,2021-08-31,56.6,57.7,56.4,57.3,1413600.0,ALK,Alaska Air Group,reports,Industrials,Airlines,"Seattle, Washington",2016-05-13,766421.0,1985
5387,5387.0,2021-09-01,57.8,57.9,56.6,57.2,1175200.0,ALK,Alaska Air Group,reports,Industrials,Airlines,"Seattle, Washington",2016-05-13,766421.0,1985
5388,5388.0,2021-09-02,57.5,58.3,56.8,57.8,1148800.0,ALK,Alaska Air Group,reports,Industrials,Airlines,"Seattle, Washington",2016-05-13,766421.0,1985
5389,5389.0,2021-09-03,57.6,58.6,56.8,57.1,1394900.0,ALK,Alaska Air Group,reports,Industrials,Airlines,"Seattle, Washington",2016-05-13,766421.0,1985
5390,5390.0,2021-09-07,56.3,57.4,56.1,57.1,1255200.0,ALK,Alaska Air Group,reports,Industrials,Airlines,"Seattle, Washington",2016-05-13,766421.0,1985
5391,5391.0,2021-09-08,57.3,58.1,56.2,56.4,1357300.0,ALK,Alaska Air Group,reports,Industrials,Airlines,"Seattle, Washington",2016-05-13,766421.0,1985
5392,5392.0,2021-09-09,56.1,59.2,55.8,58.2,2208300.0,ALK,Alaska Air Group,reports,Industrials,Airlines,"Seattle, Washington",2016-05-13,766421.0,1985
5393,5393.0,2021-09-10,58.4,58.4,56.0,56.1,2097900.0,ALK,Alaska Air Group,reports,Industrials,Airlines,"Seattle, Washington",2016-05-13,766421.0,1985
5394,5394.0,2021-09-13,56.7,57.7,55.4,57.2,1363900.0,ALK,Alaska Air Group,reports,Industrials,Airlines,"Seattle, Washington",2016-05-13,766421.0,1985
5395,5395.0,2021-09-14,56.8,57.1,56.0,56.3,1082900.0,ALK,Alaska Air Group,reports,Industrials,Airlines,"Seattle, Washington",2016-05-13,766421.0,1985
5396,5396.0,2021-09-15,56.2,56.5,55.5,56.3,1565400.0,ALK,Alaska Air Group,reports,Industrials,Airlines,"Seattle, Washington",2016-05-13,766421.0,1985
5397,5397.0,2021-09-16,56.8,57.6,56.7,57.0,1378800.0,ALK,Alaska Air Group,reports,Industrials,Airlines,"Seattle, Washington",2016-05-13,766421.0,1985
5398,5398.0,2021-09-17,57.2,58.0,56.2,56.9,2370900.0,ALK,Alaska Air Group,reports,Industrials,Airlines,"Seattle, Washington",2016-05-13,766421.0,1985
5399,5399.0,2021-09-20,56.4,57.4,55.7,57.0,2284900.0,ALK,Alaska Air Group,reports,Industrials,Airlines,"Seattle, Washington",2016-05-13,766421.0,1985
5400,5400.0,2021-09-21,57.4,58.0,55.9,56.1,1565300.0,ALK,Alaska Air Group,reports,Industrials,Airlines,"Seattle, Washington",2016-05-13,766421.0,1985
5401,5401.0,2021-09-22,56.6,58.1,56.6,57.5,1909900.0,ALK,Alaska Air Group,reports,Industrials,Airlines,"Seattle, Washington",2016-05-13,766421.0,1985
5402,5402.0,2021-09-23,57.9,60.3,57.8,59.8,2608100.0,ALK,Alaska Air Group,reports,Industrials,Airlines,"Seattle, Washington",2016-05-13,766421.0,1985
5403,5403.0,2021-09-24,59.9,61.4,59.7,60.8,2053500.0,ALK,Alaska Air Group,reports,Industrials,Airlines,"Seattle, Washington",2016-05-13,766421.0,1985
5404,5404.0,2021-09-27,61.6,62.8,61.2,61.3,1880700.0,ALK,Alaska Air Group,reports,Industrials,Airlines,"Seattle, Washington",2016-05-13,766421.0,1985
5405,5405.0,2021-09-28,61.3,62.4,61.0,61.2,1729100.0,ALK,Alaska Air Group,reports,Industrials,Airlines,"Seattle, Washington",2016-05-13,766421.0,1985
5406,5406.0,2021-09-29,61.5,61.7,60.4,60.5,1795600.0,ALK,Alaska Air Group,reports,Industrials,Airlines,"Seattle, Washington",2016-05-13,766421.0,1985
5407,5407.0,2021-09-30,60.2,60.2,58.2,58.6,2020300.0,ALK,Alaska Air Group,reports,Industrials,Airlines,"Seattle, Washington",2016-05-13,766421.0,1985
5408,5408.0,2021-10-01,60.5,62.7,59.8,62.2,2619700.0,ALK,Alaska Air Group,reports,Industrials,Airlines,"Seattle, Washington",2016-05-13,766421.0,1985
5409,5409.0,2021-10-04,62.8,63.8,62.0,62.1,1858100.0,ALK,Alaska Air Group,reports,Industrials,Airlines,"Seattle, Washington",2016-05-13,766421.0,1985
5410,5410.0,2021-10-05,62.2,62.9,61.2,61.6,1705300.0,ALK,Alaska Air Group,reports,Industrials,Airlines,"Seattle, Washington",2016-05-13,766421.0,1985
5411,5411.0,2021-10-06,59.9,61.1,59.5,61.0,1639100.0,ALK,Alaska Air Group,reports,Industrials,Airlines,"Seattle, Washington",2016-05-13,766421.0,1985
5412,5412.0,2021-10-07,61.7,61.9,60.2,60.2,1522500.0,ALK,Alaska Air Group,reports,Industrials,Airlines,"Seattle, Washington",2016-05-13,766421.0,1985
5413,5413.0,2021-10-08,60.5,60.7,59.5,59.8,899700.0,ALK,Alaska Air Group,reports,Industrials,Airlines,"Seattle, Washington",2016-05-13,766421.0,1985
5414,5414.0,2021-10-11,59.2,60.0,58.3,58.5,1550700.0,ALK,Alaska Air Group,reports,Industrials,Airlines,"Seattle, Washington",2016-05-13,766421.0,1985
5415,5415.0,2021-10-12,58.2,58.9,57.6,58.4,1783500.0,ALK,Alaska Air Group,reports,Industrials,Airlines,"Seattle, Washington",2016-05-13,766421.0,1985
5416,5416.0,2021-10-13,58.0,58.0,56.4,57.0,2183600.0,ALK,Alaska Air Group,reports,Industrials,Airlines,"Seattle, Washington",2016-05-13,766421.0,1985
5417,5417.0,2021-10-14,57.5,58.0,56.9,57.5,1243900.0,ALK,Alaska Air Group,reports,Industrials,Airlines,"Seattle, Washington",2016-05-13,766421.0,1985
5418,5418.0,2021-10-15,58.9,59.1,57.7,57.8,1932900.0,ALK,Alaska Air Group,reports,Industrials,Airlines,"Seattle, Washington",2016-05-13,766421.0,1985
5419,5419.0,2021-10-18,57.2,58.0,56.7,57.4,1257800.0,ALK,Alaska Air Group,reports,Industrials,Airlines,"Seattle, Washington",2016-05-13,766421.0,1985
5420,5420.0,2021-10-19,57.6,57.6,56.4,56.9,1720600.0,ALK,Alaska Air Group,reports,Industrials,Airlines,"Seattle, Washington",2016-05-13,766421.0,1985
5421,5421.0,2021-10-20,57.0,57.9,56.2,57.3,2070400.0,ALK,Alaska Air Group,reports,Industrials,Airlines,"Seattle, Washington",2016-05-13,766421.0,1985
5422,5422.0,2021-10-21,57.5,58.0,55.9,56.2,2741800.0,ALK,Alaska Air Group,reports,Industrials,Airlines,"Seattle, Washington",2016-05-13,766421.0,1985
5423,5423.0,2021-10-22,55.2,55.7,53.6,53.8,3087100.0,ALK,Alaska Air Group,reports,Industrials,Airlines,"Seattle, Washington",2016-05-13,766421.0,1985
5424,5424.0,2021-10-25,53.7,54.6,53.4,53.9,1842600.0,ALK,Alaska Air Group,reports,Industrials,Airlines,"Seattle, Washington",2016-05-13,766421.0,1985
5425,5425.0,2021-10-26,54.8,55.3,54.0,54.3,1588300.0,ALK,Alaska Air Group,reports,Industrials,Airlines,"Seattle, Washington",2016-05-13,766421.0,1985
5426,5426.0,2021-10-27,54.4,54.5,52.7,52.7,1550300.0,ALK,Alaska Air Group,reports,Industrials,Airlines,"Seattle, Washington",2016-05-13,766421.0,1985
5427,5427.0,2021-10-28,52.8,53.4,52.6,52.9,1527900.0,ALK,Alaska Air Group,reports,Industrials,Airlines,"Seattle, Washington",2016-05-13,766421.0,1985
5428,5428.0,2021-10-29,52.9,53.5,52.2,52.8,1681700.0,ALK,Alaska Air Group,reports,Industrials,Airlines,"Seattle, Washington",2016-05-13,766421.0,1985
5429,5429.0,2021-11-01,53.0,54.7,52.6,54.7,1755200.0,ALK,Alaska Air Group,reports,Industrials,Airlines,"Seattle, Washington",2016-05-13,766421.0,1985
5430,5430.0,2021-11-02,54.5,54.6,53.6,54.5,1400700.0,ALK,Alaska Air Group,reports,Industrials,Airlines,"Seattle, Washington",2016-05-13,766421.0,1985
5431,5431.0,2021-11-03,54.2,56.0,54.0,55.9,1690700.0,ALK,Alaska Air Group,reports,Industrials,Airlines,"Seattle, Washington",2016-05-13,766421.0,1985
5432,5432.0,2021-11-04,56.2,56.4,55.3,55.7,1215000.0,ALK,Alaska Air Group,reports,Industrials,Airlines,"Seattle, Washington",2016-05-13,766421.0,1985
5433,5433.0,2021-11-05,58.5,59.7,58.1,59.3,2460000.0,ALK,Alaska Air Group,reports,Industrials,Airlines,"Seattle, Washington",2016-05-13,766421.0,1985
5434,5434.0,2021-11-08,59.7,60.1,58.6,58.9,1935900.0,ALK,Alaska Air Group,reports,Industrials,Airlines,"Seattle, Washington",2016-05-13,766421.0,1985
5435,5435.0,2021-11-09,58.8,59.2,58.0,58.8,1510300.0,ALK,Alaska Air Group,reports,Industrials,Airlines,"Seattle, Washington",2016-05-13,766421.0,1985
5436,5436.0,2021-11-10,58.2,58.8,57.3,57.5,1321700.0,ALK,Alaska Air Group,reports,Industrials,Airlines,"Seattle, Washington",2016-05-13,766421.0,1985
5437,5437.0,2021-11-11,57.5,57.7,56.7,56.8,807000.0,ALK,Alaska Air Group,reports,Industrials,Airlines,"Seattle, Washington",2016-05-13,766421.0,1985
5438,5438.0,2021-11-12,56.8,57.1,55.0,55.7,2387300.0,ALK,Alaska Air Group,reports,Industrials,Airlines,"Seattle, Washington",2016-05-13,766421.0,1985
5439,5439.0,2021-11-15,56.0,56.4,55.4,55.7,1222800.0,ALK,Alaska Air Group,reports,Industrials,Airlines,"Seattle, Washington",2016-05-13,766421.0,1985
5440,5440.0,2021-11-16,55.4,55.5,53.6,53.9,2343900.0,ALK,Alaska Air Group,reports,Industrials,Airlines,"Seattle, Washington",2016-05-13,766421.0,1985
5441,5441.0,2021-11-17,53.7,54.1,53.0,53.5,1288700.0,ALK,Alaska Air Group,reports,Industrials,Airlines,"Seattle, Washington",2016-05-13,766421.0,1985
5442,5442.0,2021-11-18,53.6,53.8,52.0,52.5,1805500.0,ALK,Alaska Air Group,reports,Industrials,Airlines,"Seattle, Washington",2016-05-13,766421.0,1985
5443,5443.0,2021-11-19,51.9,52.8,51.0,52.7,3461100.0,ALK,Alaska Air Group,reports,Industrials,Airlines,"Seattle, Washington",2016-05-13,766421.0,1985
5444,5444.0,2021-11-22,53.2,53.9,52.5,53.1,1918400.0,ALK,Alaska Air Group,reports,Industrials,Airlines,"Seattle, Washington",2016-05-13,766421.0,1985
5445,5445.0,2021-11-23,53.7,54.1,52.5,52.7,1219400.0,ALK,Alaska Air Group,reports,Industrials,Airlines,"Seattle, Washington",2016-05-13,766421.0,1985
5446,5446.0,2021-11-24,52.2,53.7,52.0,52.9,1524700.0,ALK,Alaska Air Group,reports,Industrials,Airlines,"Seattle, Washington",2016-05-13,766421.0,1985
5447,5447.0,2021-11-26,50.0,50.1,47.4,49.5,3092200.0,ALK,Alaska Air Group,reports,Industrials,Airlines,"Seattle, Washington",2016-05-13,766421.0,1985
5448,5448.0,2021-11-29,50.2,51.0,48.8,49.5,2660100.0,ALK,Alaska Air Group,reports,Industrials,Airlines,"Seattle, Washington",2016-05-13,766421.0,1985
5449,5449.0,2021-11-30,48.5,49.1,47.6,48.6,2259100.0,ALK,Alaska Air Group,reports,Industrials,Airlines,"Seattle, Washington",2016-05-13,766421.0,1985
5450,5450.0,2021-12-01,50.0,50.2,46.3,46.3,2593900.0,ALK,Alaska Air Group,reports,Industrials,Airlines,"Seattle, Washington",2016-05-13,766421.0,1985
5451,5451.0,2021-12-02,47.0,49.8,46.8,49.5,2210000.0,ALK,Alaska Air Group,reports,Industrials,Airlines,"Seattle, Washington",2016-05-13,766421.0,1985
5452,5452.0,2021-12-03,49.3,49.7,47.7,48.6,1682000.0,ALK,Alaska Air Group,reports,Industrials,Airlines,"Seattle, Washington",2016-05-13,766421.0,1985
5453,5453.0,2021-12-06,49.5,52.3,49.5,50.6,2716100.0,ALK,Alaska Air Group,reports,Industrials,Airlines,"Seattle, Washington",2016-05-13,766421.0,1985
5454,5454.0,2021-12-07,51.3,51.8,49.9,50.3,1873800.0,ALK,Alaska Air Group,reports,Industrials,Airlines,"Seattle, Washington",2016-05-13,766421.0,1985
5455,5455.0,2021-12-08,50.8,52.9,50.6,51.4,2171100.0,ALK,Alaska Air Group,reports,Industrials,Airlines,"Seattle, Washington",2016-05-13,766421.0,1985
5456,5456.0,2021-12-09,50.7,51.8,49.8,51.4,2309200.0,ALK,Alaska Air Group,reports,Industrials,Airlines,"Seattle, Washington",2016-05-13,766421.0,1985
5457,5457.0,2021-12-10,51.4,52.1,50.7,51.7,2007000.0,ALK,Alaska Air Group,reports,Industrials,Airlines,"Seattle, Washington",2016-05-13,766421.0,1985
5458,5458.0,2021-12-13,50.8,50.9,49.7,50.3,1627900.0,ALK,Alaska Air Group,reports,Industrials,Airlines,"Seattle, Washington",2016-05-13,766421.0,1985
5459,5459.0,2021-12-14,50.2,51.7,50.0,50.1,1555000.0,ALK,Alaska Air Group,reports,Industrials,Airlines,"Seattle, Washington",2016-05-13,766421.0,1985
5460,5460.0,2021-12-15,50.2,50.4,48.8,50.3,1837400.0,ALK,Alaska Air Group,reports,Industrials,Airlines,"Seattle, Washington",2016-05-13,766421.0,1985
5461,5461.0,2021-12-16,50.8,51.1,49.0,49.2,1728700.0,ALK,Alaska Air Group,reports,Industrials,Airlines,"Seattle, Washington",2016-05-13,766421.0,1985
5462,5462.0,2021-12-17,49.4,51.0,48.7,50.0,3779800.0,ALK,Alaska Air Group,reports,Industrials,Airlines,"Seattle, Washington",2016-05-13,766421.0,1985
5463,5463.0,2021-12-20,49.0,50.2,48.3,49.3,1870100.0,ALK,Alaska Air Group,reports,Industrials,Airlines,"Seattle, Washington",2016-05-13,766421.0,1985
5464,5464.0,2021-12-21,50.0,52.3,49.9,52.1,2166200.0,ALK,Alaska Air Group,reports,Industrials,Airlines,"Seattle, Washington",2016-05-13,766421.0,1985
5465,5465.0,2021-12-22,52.2,52.7,51.6,52.2,1605000.0,ALK,Alaska Air Group,reports,Industrials,Airlines,"Seattle, Washington",2016-05-13,766421.0,1985
5466,5466.0,2021-12-23,53.0,53.3,52.4,53.0,1996000.0,ALK,Alaska Air Group,reports,Industrials,Airlines,"Seattle, Washington",2016-05-13,766421.0,1985
5467,5467.0,2021-12-27,51.8,53.0,51.4,52.6,1471900.0,ALK,Alaska Air Group,reports,Industrials,Airlines,"Seattle, Washington",2016-05-13,766421.0,1985
5468,5468.0,2021-12-28,52.1,53.4,52.0,52.9,1292300.0,ALK,Alaska Air Group,reports,Industrials,Airlines,"Seattle, Washington",2016-05-13,766421.0,1985
5469,5469.0,2021-12-29,52.4,52.5,51.8,52.1,1429400.0,ALK,Alaska Air Group,reports,Industrials,Airlines,"Seattle, Washington",2016-05-13,766421.0,1985
5470,5470.0,2021-12-30,51.9,52.9,51.8,51.9,1667400.0,ALK,Alaska Air Group,reports,Industrials,Airlines,"Seattle, Washington",2016-05-13,766421.0,1985
95831,96441.0,2020-12-31,219.4,220.7,217.4,220.1,20942100.0,MSFT,Microsoft,reports,Information Technology,Systems Software,"Redmond, Washington",1994-06-01,789019.0,1975
95832,96442.0,2021-01-04,220.2,220.7,212.6,215.4,37130100.0,MSFT,Microsoft,reports,Information Technology,Systems Software,"Redmond, Washington",1994-06-01,789019.0,1975
95833,96443.0,2021-01-05,215.0,216.3,213.5,215.6,23823000.0,MSFT,Microsoft,reports,Information Technology,Systems Software,"Redmond, Washington",1994-06-01,789019.0,1975
95834,96444.0,2021-01-06,210.0,214.2,209.7,210.1,35930700.0,MSFT,Microsoft,reports,Information Technology,Systems Software,"Redmond, Washington",1994-06-01,789019.0,1975
95835,96445.0,2021-01-07,211.8,217.1,211.5,216.0,27694500.0,MSFT,Microsoft,reports,Information Technology,Systems Software,"Redmond, Washington",1994-06-01,789019.0,1975
95836,96446.0,2021-01-08,216.4,218.3,214.8,217.3,22956200.0,MSFT,Microsoft,reports,Information Technology,Systems Software,"Redmond, Washington",1994-06-01,789019.0,1975
95837,96447.0,2021-01-11,216.2,216.6,214.5,215.2,23031300.0,MSFT,Microsoft,reports,Information Technology,Systems Software,"Redmond, Washington",1994-06-01,789019.0,1975
95838,96448.0,2021-01-12,214.3,214.9,211.1,212.7,23249300.0,MSFT,Microsoft,reports,Information Technology,Systems Software,"Redmond, Washington",1994-06-01,789019.0,1975
95839,96449.0,2021-01-13,211.8,214.5,211.7,214.1,20087100.0,MSFT,Microsoft,reports,Information Technology,Systems Software,"Redmond, Washington",1994-06-01,789019.0,1975
95840,96450.0,2021-01-14,213.7,215.2,210.5,210.8,29480800.0,MSFT,Microsoft,reports,Information Technology,Systems Software,"Redmond, Washington",1994-06-01,789019.0,1975
95841,96451.0,2021-01-15,211.3,212.3,209.8,210.4,31746500.0,MSFT,Microsoft,reports,Information Technology,Systems Software,"Redmond, Washington",1994-06-01,789019.0,1975
95842,96452.0,2021-01-19,211.5,214.7,210.4,214.2,30480900.0,MSFT,Microsoft,reports,Information Technology,Systems Software,"Redmond, Washington",1994-06-01,789019.0,1975
95843,96453.0,2021-01-20,215.4,223.5,215.0,222.0,37777300.0,MSFT,Microsoft,reports,Information Technology,Systems Software,"Redmond, Washington",1994-06-01,789019.0,1975
95844,96454.0,2021-01-21,222.4,224.0,220.1,222.6,30709400.0,MSFT,Microsoft,reports,Information Technology,Systems Software,"Redmond, Washington",1994-06-01,789019.0,1975
95845,96455.0,2021-01-22,224.7,227.7,223.5,223.6,30172700.0,MSFT,Microsoft,reports,Information Technology,Systems Software,"Redmond, Washington",1994-06-01,789019.0,1975
95846,96456.0,2021-01-25,226.7,227.4,221.9,227.2,33152100.0,MSFT,Microsoft,reports,Information Technology,Systems Software,"Redmond, Washington",1994-06-01,789019.0,1975
95847,96457.0,2021-01-26,229.5,231.8,227.7,229.9,49169600.0,MSFT,Microsoft,reports,Information Technology,Systems Software,"Redmond, Washington",1994-06-01,789019.0,1975
95848,96458.0,2021-01-27,235.5,237.9,227.8,230.5,69870600.0,MSFT,Microsoft,reports,Information Technology,Systems Software,"Redmond, Washington",1994-06-01,789019.0,1975
95849,96459.0,2021-01-28,233.2,240.1,232.7,236.5,49111200.0,MSFT,Microsoft,reports,Information Technology,Systems Software,"Redmond, Washington",1994-06-01,789019.0,1975
95850,96460.0,2021-01-29,233.5,235.6,229.0,229.6,42503100.0,MSFT,Microsoft,reports,Information Technology,Systems Software,"Redmond, Washington",1994-06-01,789019.0,1975
95851,96461.0,2021-02-01,232.6,240.0,230.0,237.2,33314200.0,MSFT,Microsoft,reports,Information Technology,Systems Software,"Redmond, Washington",1994-06-01,789019.0,1975
95852,96462.0,2021-02-02,238.8,239.8,236.2,237.0,25916300.0,MSFT,Microsoft,reports,Information Technology,Systems Software,"Redmond, Washington",1994-06-01,789019.0,1975
95853,96463.0,2021-02-03,237.1,242.6,236.8,240.5,27158100.0,MSFT,Microsoft,reports,Information Technology,Systems Software,"Redmond, Washington",1994-06-01,789019.0,1975
95854,96464.0,2021-02-04,240.1,240.7,237.9,239.5,25296100.0,MSFT,Microsoft,reports,Information Technology,Systems Software,"Redmond, Washington",1994-06-01,789019.0,1975
95855,96465.0,2021-02-05,239.7,240.8,237.9,239.7,18054800.0,MSFT,Microsoft,reports,Information Technology,Systems Software,"Redmond, Washington",1994-06-01,789019.0,1975
95856,96466.0,2021-02-08,240.6,241.2,238.3,240.0,22211900.0,MSFT,Microsoft,reports,Information Technology,Systems Software,"Redmond, Washington",1994-06-01,789019.0,1975
95857,96467.0,2021-02-09,239.4,242.2,238.9,241.2,23565000.0,MSFT,Microsoft,reports,Information Technology,Systems Software,"Redmond, Washington",1994-06-01,789019.0,1975
95858,96468.0,2021-02-10,242.5,243.4,238.4,240.3,22186700.0,MSFT,Microsoft,reports,Information Technology,Systems Software,"Redmond, Washington",1994-06-01,789019.0,1975
95859,96469.0,2021-02-11,242.2,242.6,239.6,242.0,15751100.0,MSFT,Microsoft,reports,Information Technology,Systems Software,"Redmond, Washington",1994-06-01,789019.0,1975
95860,96470.0,2021-02-12,241.4,242.8,240.2,242.5,16561100.0,MSFT,Microsoft,reports,Information Technology,Systems Software,"Redmond, Washington",1994-06-01,789019.0,1975
95861,96471.0,2021-02-16,242.5,243.6,240.4,241.2,26728500.0,MSFT,Microsoft,reports,Information Technology,Systems Software,"Redmond, Washington",1994-06-01,789019.0,1975
95862,96472.0,2021-02-17,239.4,242.3,239.0,242.2,21653500.0,MSFT,Microsoft,reports,Information Technology,Systems Software,"Redmond, Washington",1994-06-01,789019.0,1975
95863,96473.0,2021-02-18,239.8,242.0,238.9,241.8,16925600.0,MSFT,Microsoft,reports,Information Technology,Systems Software,"Redmond, Washington",1994-06-01,789019.0,1975
95864,96474.0,2021-02-19,241.8,241.9,238.2,239.0,25262600.0,MSFT,Microsoft,reports,Information Technology,Systems Software,"Redmond, Washington",1994-06-01,789019.0,1975
95865,96475.0,2021-02-22,235.5,236.0,230.5,232.6,36446900.0,MSFT,Microsoft,reports,Information Technology,Systems Software,"Redmond, Washington",1994-06-01,789019.0,1975
95866,96476.0,2021-02-23,228.5,232.9,226.9,231.4,30228700.0,MSFT,Microsoft,reports,Information Technology,Systems Software,"Redmond, Washington",1994-06-01,789019.0,1975
95867,96477.0,2021-02-24,228.2,233.3,227.1,232.7,26339700.0,MSFT,Microsoft,reports,Information Technology,Systems Software,"Redmond, Washington",1994-06-01,789019.0,1975
95868,96478.0,2021-02-25,230.2,232.7,226.0,227.1,39542200.0,MSFT,Microsoft,reports,Information Technology,Systems Software,"Redmond, Washington",1994-06-01,789019.0,1975
95869,96479.0,2021-02-26,229.7,233.5,227.7,230.5,37819200.0,MSFT,Microsoft,reports,Information Technology,Systems Software,"Redmond, Washington",1994-06-01,789019.0,1975
95870,96480.0,2021-03-01,234.0,235.6,231.3,235.0,25324000.0,MSFT,Microsoft,reports,Information Technology,Systems Software,"Redmond, Washington",1994-06-01,789019.0,1975
95871,96481.0,2021-03-02,235.1,235.4,231.6,232.0,22812500.0,MSFT,Microsoft,reports,Information Technology,Systems Software,"Redmond, Washington",1994-06-01,789019.0,1975
95872,96482.0,2021-03-03,230.3,231.7,225.4,225.7,34029500.0,MSFT,Microsoft,reports,Information Technology,Systems Software,"Redmond, Washington",1994-06-01,789019.0,1975
95873,96483.0,2021-03-04,224.9,230.6,222.4,224.9,44727800.0,MSFT,Microsoft,reports,Information Technology,Systems Software,"Redmond, Washington",1994-06-01,789019.0,1975
95874,96484.0,2021-03-05,227.7,231.4,224.6,229.7,41872800.0,MSFT,Microsoft,reports,Information Technology,Systems Software,"Redmond, Washington",1994-06-01,789019.0,1975
95875,96485.0,2021-03-08,229.5,231.5,225.3,225.6,35267400.0,MSFT,Microsoft,reports,Information Technology,Systems Software,"Redmond, Washington",1994-06-01,789019.0,1975
95876,96486.0,2021-03-09,231.0,233.5,229.8,231.9,33080500.0,MSFT,Microsoft,reports,Information Technology,Systems Software,"Redmond, Washington",1994-06-01,789019.0,1975
95877,96487.0,2021-03-10,235.1,235.1,230.2,230.5,29746800.0,MSFT,Microsoft,reports,Information Technology,Systems Software,"Redmond, Washington",1994-06-01,789019.0,1975
95878,96488.0,2021-03-11,233.1,237.2,232.4,235.2,29907600.0,MSFT,Microsoft,reports,Information Technology,Systems Software,"Redmond, Washington",1994-06-01,789019.0,1975
95879,96489.0,2021-03-12,232.1,233.9,231.3,233.8,22653700.0,MSFT,Microsoft,reports,Information Technology,Systems Software,"Redmond, Washington",1994-06-01,789019.0,1975
95880,96490.0,2021-03-15,233.1,233.3,229.9,232.9,26034900.0,MSFT,Microsoft,reports,Information Technology,Systems Software,"Redmond, Washington",1994-06-01,789019.0,1975
95881,96491.0,2021-03-16,234.4,238.1,234.0,235.8,28092200.0,MSFT,Microsoft,reports,Information Technology,Systems Software,"Redmond, Washington",1994-06-01,789019.0,1975
95882,96492.0,2021-03-17,234.2,236.6,231.3,235.1,29562100.0,MSFT,Microsoft,reports,Information Technology,Systems Software,"Redmond, Washington",1994-06-01,789019.0,1975
95883,96493.0,2021-03-18,230.7,232.3,228.5,228.9,34833000.0,MSFT,Microsoft,reports,Information Technology,Systems Software,"Redmond, Washington",1994-06-01,789019.0,1975
95884,96494.0,2021-03-19,229.2,230.6,227.5,228.5,46430700.0,MSFT,Microsoft,reports,Information Technology,Systems Software,"Redmond, Washington",1994-06-01,789019.0,1975
95885,96495.0,2021-03-22,228.4,235.0,228.3,234.1,30127000.0,MSFT,Microsoft,reports,Information Technology,Systems Software,"Redmond, Washington",1994-06-01,789019.0,1975
95886,96496.0,2021-03-23,235.6,239.1,235.2,235.7,31638400.0,MSFT,Microsoft,reports,Information Technology,Systems Software,"Redmond, Washington",1994-06-01,789019.0,1975
95887,96497.0,2021-03-24,235.9,236.1,233.4,233.6,25620100.0,MSFT,Microsoft,reports,Information Technology,Systems Software,"Redmond, Washington",1994-06-01,789019.0,1975
95888,96498.0,2021-03-25,233.4,235.0,229.7,230.5,34061900.0,MSFT,Microsoft,reports,Information Technology,Systems Software,"Redmond, Washington",1994-06-01,789019.0,1975
95889,96499.0,2021-03-26,229.7,234.8,229.7,234.6,25479900.0,MSFT,Microsoft,reports,Information Technology,Systems Software,"Redmond, Washington",1994-06-01,789019.0,1975
95890,96500.0,2021-03-29,234.7,234.9,230.0,233.3,25227500.0,MSFT,Microsoft,reports,Information Technology,Systems Software,"Redmond, Washington",1994-06-01,789019.0,1975
95891,96501.0,2021-03-30,231.6,232.0,229.2,230.0,24792000.0,MSFT,Microsoft,reports,Information Technology,Systems Software,"Redmond, Washington",1994-06-01,789019.0,1975
95892,96502.0,2021-03-31,231.0,237.2,230.5,233.9,43623500.0,MSFT,Microsoft,reports,Information Technology,Systems Software,"Redmond, Washington",1994-06-01,789019.0,1975
95893,96503.0,2021-04-01,236.5,240.9,236.1,240.4,30338000.0,MSFT,Microsoft,reports,Information Technology,Systems Software,"Redmond, Washington",1994-06-01,789019.0,1975
95894,96504.0,2021-04-05,240.8,247.9,240.7,247.1,36910600.0,MSFT,Microsoft,reports,Information Technology,Systems Software,"Redmond, Washington",1994-06-01,789019.0,1975
95895,96505.0,2021-04-06,245.6,247.4,244.9,245.9,22931900.0,MSFT,Microsoft,reports,Information Technology,Systems Software,"Redmond, Washington",1994-06-01,789019.0,1975
95896,96506.0,2021-04-07,245.8,248.9,245.2,247.9,22719800.0,MSFT,Microsoft,reports,Information Technology,Systems Software,"Redmond, Washington",1994-06-01,789019.0,1975
95897,96507.0,2021-04-08,250.7,252.1,250.0,251.2,23625200.0,MSFT,Microsoft,reports,Information Technology,Systems Software,"Redmond, Washington",1994-06-01,789019.0,1975
95898,96508.0,2021-04-09,250.8,253.9,250.4,253.8,24326800.0,MSFT,Microsoft,reports,Information Technology,Systems Software,"Redmond, Washington",1994-06-01,789019.0,1975
95899,96509.0,2021-04-12,252.7,255.6,252.6,253.8,27148700.0,MSFT,Microsoft,reports,Information Technology,Systems Software,"Redmond, Washington",1994-06-01,789019.0,1975
95900,96510.0,2021-04-13,255.2,257.1,254.8,256.4,23837500.0,MSFT,Microsoft,reports,Information Technology,Systems Software,"Redmond, Washington",1994-06-01,789019.0,1975
95901,96511.0,2021-04-14,255.4,256.7,253.1,253.5,23070900.0,MSFT,Microsoft,reports,Information Technology,Systems Software,"Redmond, Washington",1994-06-01,789019.0,1975
95902,96512.0,2021-04-15,255.8,257.8,255.6,257.4,25627500.0,MSFT,Microsoft,reports,Information Technology,Systems Software,"Redmond, Washington",1994-06-01,789019.0,1975
95903,96513.0,2021-04-16,257.4,258.9,255.5,258.6,24878600.0,MSFT,Microsoft,reports,Information Technology,Systems Software,"Redmond, Washington",1994-06-01,789019.0,1975
95904,96514.0,2021-04-19,258.1,259.4,255.7,256.6,23209300.0,MSFT,Microsoft,reports,Information Technology,Systems Software,"Redmond, Washington",1994-06-01,789019.0,1975
95905,96515.0,2021-04-20,255.7,258.1,254.8,256.2,19722900.0,MSFT,Microsoft,reports,Information Technology,Systems Software,"Redmond, Washington",1994-06-01,789019.0,1975
95906,96516.0,2021-04-21,256.8,258.6,255.2,258.5,24030400.0,MSFT,Microsoft,reports,Information Technology,Systems Software,"Redmond, Washington",1994-06-01,789019.0,1975
95907,96517.0,2021-04-22,258.1,259.7,253.6,255.1,25606200.0,MSFT,Microsoft,reports,Information Technology,Systems Software,"Redmond, Washington",1994-06-01,789019.0,1975
95908,96518.0,2021-04-23,255.8,259.4,255.2,259.0,21462600.0,MSFT,Microsoft,reports,Information Technology,Systems Software,"Redmond, Washington",1994-06-01,789019.0,1975
95909,96519.0,2021-04-26,259.5,260.3,258.1,259.4,19763300.0,MSFT,Microsoft,reports,Information Technology,Systems Software,"Redmond, Washington",1994-06-01,789019.0,1975
95910,96520.0,2021-04-27,259.5,261.1,258.0,259.9,31014200.0,MSFT,Microsoft,reports,Information Technology,Systems Software,"Redmond, Washington",1994-06-01,789019.0,1975
95911,96521.0,2021-04-28,254.0,254.5,250.9,252.5,46903100.0,MSFT,Microsoft,reports,Information Technology,Systems Software,"Redmond, Washington",1994-06-01,789019.0,1975
95912,96522.0,2021-04-29,253.4,254.0,247.0,250.5,40589000.0,MSFT,Microsoft,reports,Information Technology,Systems Software,"Redmond, Washington",1994-06-01,789019.0,1975
95913,96523.0,2021-04-30,247.7,251.0,247.6,250.1,30945100.0,MSFT,Microsoft,reports,Information Technology,Systems Software,"Redmond, Washington",1994-06-01,789019.0,1975
95914,96524.0,2021-05-03,251.4,252.3,249.1,249.8,19626600.0,MSFT,Microsoft,reports,Information Technology,Systems Software,"Redmond, Washington",1994-06-01,789019.0,1975
95915,96525.0,2021-05-04,248.9,249.2,243.8,245.8,32756100.0,MSFT,Microsoft,reports,Information Technology,Systems Software,"Redmond, Washington",1994-06-01,789019.0,1975
95916,96526.0,2021-05-05,247.0,247.5,243.8,244.5,21901300.0,MSFT,Microsoft,reports,Information Technology,Systems Software,"Redmond, Washington",1994-06-01,789019.0,1975
95917,96527.0,2021-05-06,244.5,247.8,242.7,247.7,26491100.0,MSFT,Microsoft,reports,Information Technology,Systems Software,"Redmond, Washington",1994-06-01,789019.0,1975
95918,96528.0,2021-05-07,250.1,252.2,249.1,250.4,27032900.0,MSFT,Microsoft,reports,Information Technology,Systems Software,"Redmond, Washington",1994-06-01,789019.0,1975
95919,96529.0,2021-05-10,248.8,249.7,245.1,245.2,29299900.0,MSFT,Microsoft,reports,Information Technology,Systems Software,"Redmond, Washington",1994-06-01,789019.0,1975
95920,96530.0,2021-05-11,242.6,244.6,240.6,244.2,33641600.0,MSFT,Microsoft,reports,Information Technology,Systems Software,"Redmond, Washington",1994-06-01,789019.0,1975
95921,96531.0,2021-05-12,240.2,242.4,236.1,237.1,36684400.0,MSFT,Microsoft,reports,Information Technology,Systems Software,"Redmond, Washington",1994-06-01,789019.0,1975
95922,96532.0,2021-05-13,239.8,243.6,239.5,241.1,29624300.0,MSFT,Microsoft,reports,Information Technology,Systems Software,"Redmond, Washington",1994-06-01,789019.0,1975
95923,96533.0,2021-05-14,243.6,247.2,243.5,246.1,23901100.0,MSFT,Microsoft,reports,Information Technology,Systems Software,"Redmond, Washington",1994-06-01,789019.0,1975
95924,96534.0,2021-05-17,244.6,244.6,241.6,243.2,24970200.0,MSFT,Microsoft,reports,Information Technology,Systems Software,"Redmond, Washington",1994-06-01,789019.0,1975
95925,96535.0,2021-05-18,244.3,244.4,240.9,241.1,20168000.0,MSFT,Microsoft,reports,Information Technology,Systems Software,"Redmond, Washington",1994-06-01,789019.0,1975
95926,96536.0,2021-05-19,237.9,241.8,237.2,241.7,25739800.0,MSFT,Microsoft,reports,Information Technology,Systems Software,"Redmond, Washington",1994-06-01,789019.0,1975
95927,96537.0,2021-05-20,242.5,246.5,242.4,245.1,21800700.0,MSFT,Microsoft,reports,Information Technology,Systems Software,"Redmond, Washington",1994-06-01,789019.0,1975
95928,96538.0,2021-05-21,246.1,246.9,243.3,243.8,21863100.0,MSFT,Microsoft,reports,Information Technology,Systems Software,"Redmond, Washington",1994-06-01,789019.0,1975
95929,96539.0,2021-05-24,246.4,249.7,246.1,249.3,21411500.0,MSFT,Microsoft,reports,Information Technology,Systems Software,"Redmond, Washington",1994-06-01,789019.0,1975
95930,96540.0,2021-05-25,250.3,251.3,249.4,250.3,17704300.0,MSFT,Microsoft,reports,Information Technology,Systems Software,"Redmond, Washington",1994-06-01,789019.0,1975
95931,96541.0,2021-05-26,250.0,251.5,249.3,250.0,17771600.0,MSFT,Microsoft,reports,Information Technology,Systems Software,"Redmond, Washington",1994-06-01,789019.0,1975
95932,96542.0,2021-05-27,249.7,250.0,247.8,247.9,24426200.0,MSFT,Microsoft,reports,Information Technology,Systems Software,"Redmond, Washington",1994-06-01,789019.0,1975
95933,96543.0,2021-05-28,249.5,250.6,248.1,248.2,18270200.0,MSFT,Microsoft,reports,Information Technology,Systems Software,"Redmond, Washington",1994-06-01,789019.0,1975
95934,96544.0,2021-06-01,249.8,249.8,245.5,246.0,23213300.0,MSFT,Microsoft,reports,Information Technology,Systems Software,"Redmond, Washington",1994-06-01,789019.0,1975
95935,96545.0,2021-06-02,246.7,247.8,244.4,245.9,19406700.0,MSFT,Microsoft,reports,Information Technology,Systems Software,"Redmond, Washington",1994-06-01,789019.0,1975
95936,96546.0,2021-06-03,243.8,244.9,241.6,244.3,25307700.0,MSFT,Microsoft,reports,Information Technology,Systems Software,"Redmond, Washington",1994-06-01,789019.0,1975
95937,96547.0,2021-06-04,246.3,250.2,246.1,249.3,25281100.0,MSFT,Microsoft,reports,Information Technology,Systems Software,"Redmond, Washington",1994-06-01,789019.0,1975
95938,96548.0,2021-06-07,248.5,252.6,248.4,252.3,23079200.0,MSFT,Microsoft,reports,Information Technology,Systems Software,"Redmond, Washington",1994-06-01,789019.0,1975
95939,96549.0,2021-06-08,253.7,254.5,251.0,251.1,22455000.0,MSFT,Microsoft,reports,Information Technology,Systems Software,"Redmond, Washington",1994-06-01,789019.0,1975
95940,96550.0,2021-06-09,252.3,254.1,251.7,252.1,17937600.0,MSFT,Microsoft,reports,Information Technology,Systems Software,"Redmond, Washington",1994-06-01,789019.0,1975
95941,96551.0,2021-06-10,252.8,256.0,252.2,255.8,24563600.0,MSFT,Microsoft,reports,Information Technology,Systems Software,"Redmond, Washington",1994-06-01,789019.0,1975
95942,96552.0,2021-06-11,256.5,257.0,255.1,256.4,18999700.0,MSFT,Microsoft,reports,Information Technology,Systems Software,"Redmond, Washington",1994-06-01,789019.0,1975
95943,96553.0,2021-06-14,256.4,258.4,255.3,258.4,19150500.0,MSFT,Microsoft,reports,Information Technology,Systems Software,"Redmond, Washington",1994-06-01,789019.0,1975
95944,96554.0,2021-06-15,258.3,258.5,256.2,256.9,18038900.0,MSFT,Microsoft,reports,Information Technology,Systems Software,"Redmond, Washington",1994-06-01,789019.0,1975
95945,96555.0,2021-06-16,257.9,259.1,252.9,255.9,27220000.0,MSFT,Microsoft,reports,Information Technology,Systems Software,"Redmond, Washington",1994-06-01,789019.0,1975
95946,96556.0,2021-06-17,254.6,260.2,254.5,259.4,27565500.0,MSFT,Microsoft,reports,Information Technology,Systems Software,"Redmond, Washington",1994-06-01,789019.0,1975
95947,96557.0,2021-06-18,258.1,260.8,257.3,257.9,37202200.0,MSFT,Microsoft,reports,Information Technology,Systems Software,"Redmond, Washington",1994-06-01,789019.0,1975
95948,96558.0,2021-06-21,258.3,262.0,256.4,261.1,26696100.0,MSFT,Microsoft,reports,Information Technology,Systems Software,"Redmond, Washington",1994-06-01,789019.0,1975
95949,96559.0,2021-06-22,261.2,264.3,260.9,264.0,24694100.0,MSFT,Microsoft,reports,Information Technology,Systems Software,"Redmond, Washington",1994-06-01,789019.0,1975
95950,96560.0,2021-06-23,264.5,265.3,262.9,263.7,19518700.0,MSFT,Microsoft,reports,Information Technology,Systems Software,"Redmond, Washington",1994-06-01,789019.0,1975
95951,96561.0,2021-06-24,264.6,266.3,263.9,265.1,21446900.0,MSFT,Microsoft,reports,Information Technology,Systems Software,"Redmond, Washington",1994-06-01,789019.0,1975
95952,96562.0,2021-06-25,264.7,265.7,263.2,263.5,25611100.0,MSFT,Microsoft,reports,Information Technology,Systems Software,"Redmond, Washington",1994-06-01,789019.0,1975
95953,96563.0,2021-06-28,264.6,267.3,264.4,267.2,19590000.0,MSFT,Microsoft,reports,Information Technology,Systems Software,"Redmond, Washington",1994-06-01,789019.0,1975
95954,96564.0,2021-06-29,267.3,270.1,266.4,269.8,19937800.0,MSFT,Microsoft,reports,Information Technology,Systems Software,"Redmond, Washington",1994-06-01,789019.0,1975
95955,96565.0,2021-06-30,269.1,269.8,268.0,269.3,21656500.0,MSFT,Microsoft,reports,Information Technology,Systems Software,"Redmond, Washington",1994-06-01,789019.0,1975
95956,96566.0,2021-07-01,268.0,270.3,268.0,270.0,16725300.0,MSFT,Microsoft,reports,Information Technology,Systems Software,"Redmond, Washington",1994-06-01,789019.0,1975
95957,96567.0,2021-07-02,271.2,276.4,270.9,276.0,26458000.0,MSFT,Microsoft,reports,Information Technology,Systems Software,"Redmond, Washington",1994-06-01,789019.0,1975
95958,96568.0,2021-07-06,276.4,277.8,272.7,276.1,31565600.0,MSFT,Microsoft,reports,Information Technology,Systems Software,"Redmond, Washington",1994-06-01,789019.0,1975
95959,96569.0,2021-07-07,277.8,279.1,275.5,278.3,23260000.0,MSFT,Microsoft,reports,Information Technology,Systems Software,"Redmond, Washington",1994-06-01,789019.0,1975
95960,96570.0,2021-07-08,275.3,277.1,273.3,275.8,24618600.0,MSFT,Microsoft,reports,Information Technology,Systems Software,"Redmond, Washington",1994-06-01,789019.0,1975
95961,96571.0,2021-07-09,274.1,276.4,273.7,276.3,23916700.0,MSFT,Microsoft,reports,Information Technology,Systems Software,"Redmond, Washington",1994-06-01,789019.0,1975
95962,96572.0,2021-07-12,277.5,278.2,275.0,275.7,18931700.0,MSFT,Microsoft,reports,Information Technology,Systems Software,"Redmond, Washington",1994-06-01,789019.0,1975
95963,96573.0,2021-07-13,275.9,281.2,275.8,279.4,26120100.0,MSFT,Microsoft,reports,Information Technology,Systems Software,"Redmond, Washington",1994-06-01,789019.0,1975
95964,96574.0,2021-07-14,280.7,282.0,278.9,280.9,23113700.0,MSFT,Microsoft,reports,Information Technology,Systems Software,"Redmond, Washington",1994-06-01,789019.0,1975
95965,96575.0,2021-07-15,280.4,280.9,278.2,279.4,22604200.0,MSFT,Microsoft,reports,Information Technology,Systems Software,"Redmond, Washington",1994-06-01,789019.0,1975
95966,96576.0,2021-07-16,280.4,282.5,277.8,279.1,26186800.0,MSFT,Microsoft,reports,Information Technology,Systems Software,"Redmond, Washington",1994-06-01,789019.0,1975
95967,96577.0,2021-07-19,277.3,278.7,272.9,275.4,32935600.0,MSFT,Microsoft,reports,Information Technology,Systems Software,"Redmond, Washington",1994-06-01,789019.0,1975
95968,96578.0,2021-07-20,276.4,279.3,274.7,277.7,26259700.0,MSFT,Microsoft,reports,Information Technology,Systems Software,"Redmond, Washington",1994-06-01,789019.0,1975
95969,96579.0,2021-07-21,277.3,279.9,275.7,279.8,24364300.0,MSFT,Microsoft,reports,Information Technology,Systems Software,"Redmond, Washington",1994-06-01,789019.0,1975
95970,96580.0,2021-07-22,282.2,284.8,281.8,284.5,23384100.0,MSFT,Microsoft,reports,Information Technology,Systems Software,"Redmond, Washington",1994-06-01,789019.0,1975
95971,96581.0,2021-07-23,285.7,288.3,284.8,288.0,22768100.0,MSFT,Microsoft,reports,Information Technology,Systems Software,"Redmond, Washington",1994-06-01,789019.0,1975
95972,96582.0,2021-07-26,287.3,288.0,285.0,287.4,23176100.0,MSFT,Microsoft,reports,Information Technology,Systems Software,"Redmond, Washington",1994-06-01,789019.0,1975
95973,96583.0,2021-07-27,287.8,287.9,281.3,284.9,33604100.0,MSFT,Microsoft,reports,Information Technology,Systems Software,"Redmond, Washington",1994-06-01,789019.0,1975
95974,96584.0,2021-07-28,287.3,288.5,282.2,284.6,33566900.0,MSFT,Microsoft,reports,Information Technology,Systems Software,"Redmond, Washington",1994-06-01,789019.0,1975
95975,96585.0,2021-07-29,284.6,286.9,284.4,284.8,18168300.0,MSFT,Microsoft,reports,Information Technology,Systems Software,"Redmond, Washington",1994-06-01,789019.0,1975
95976,96586.0,2021-07-30,283.5,285.0,282.3,283.3,20944800.0,MSFT,Microsoft,reports,Information Technology,Systems Software,"Redmond, Washington",1994-06-01,789019.0,1975
95977,96587.0,2021-08-02,284.7,285.1,282.1,283.2,16267400.0,MSFT,Microsoft,reports,Information Technology,Systems Software,"Redmond, Washington",1994-06-01,789019.0,1975
95978,96588.0,2021-08-03,283.8,285.6,282.4,285.5,17879000.0,MSFT,Microsoft,reports,Information Technology,Systems Software,"Redmond, Washington",1994-06-01,789019.0,1975
95979,96589.0,2021-08-04,284.6,285.9,283.0,284.9,16191300.0,MSFT,Microsoft,reports,Information Technology,Systems Software,"Redmond, Washington",1994-06-01,789019.0,1975
95980,96590.0,2021-08-05,285.2,288.0,284.4,287.8,13900200.0,MSFT,Microsoft,reports,Information Technology,Systems Software,"Redmond, Washington",1994-06-01,789019.0,1975
95981,96591.0,2021-08-06,286.8,287.8,286.0,287.8,16589300.0,MSFT,Microsoft,reports,Information Technology,Systems Software,"Redmond, Washington",1994-06-01,789019.0,1975
95982,96592.0,2021-08-09,288.1,289.9,286.1,286.7,16117600.0,MSFT,Microsoft,reports,Information Technology,Systems Software,"Redmond, Washington",1994-06-01,789019.0,1975
95983,96593.0,2021-08-10,287.1,287.6,283.5,284.8,18616600.0,MSFT,Microsoft,reports,Information Technology,Systems Software,"Redmond, Washington",1994-06-01,789019.0,1975
95984,96594.0,2021-08-11,285.5,287.0,284.2,285.3,13955900.0,MSFT,Microsoft,reports,Information Technology,Systems Software,"Redmond, Washington",1994-06-01,789019.0,1975
95985,96595.0,2021-08-12,285.0,288.3,284.7,288.1,14561300.0,MSFT,Microsoft,reports,Information Technology,Systems Software,"Redmond, Washington",1994-06-01,789019.0,1975
95986,96596.0,2021-08-13,287.8,291.2,287.6,291.2,18249000.0,MSFT,Microsoft,reports,Information Technology,Systems Software,"Redmond, Washington",1994-06-01,789019.0,1975
95987,96597.0,2021-08-16,291.5,293.1,288.3,292.9,22507600.0,MSFT,Microsoft,reports,Information Technology,Systems Software,"Redmond, Washington",1994-06-01,789019.0,1975
95988,96598.0,2021-08-17,290.7,291.7,289.4,291.4,20075300.0,MSFT,Microsoft,reports,Information Technology,Systems Software,"Redmond, Washington",1994-06-01,789019.0,1975
95989,96599.0,2021-08-18,290.9,293.7,289.1,289.6,21813000.0,MSFT,Microsoft,reports,Information Technology,Systems Software,"Redmond, Washington",1994-06-01,789019.0,1975
95990,96600.0,2021-08-19,287.6,296.3,287.5,295.6,29850500.0,MSFT,Microsoft,reports,Information Technology,Systems Software,"Redmond, Washington",1994-06-01,789019.0,1975
95991,96601.0,2021-08-20,298.6,304.7,296.9,303.2,40817600.0,MSFT,Microsoft,reports,Information Technology,Systems Software,"Redmond, Washington",1994-06-01,789019.0,1975
95992,96602.0,2021-08-23,302.1,304.2,300.7,303.5,22830200.0,MSFT,Microsoft,reports,Information Technology,Systems Software,"Redmond, Washington",1994-06-01,789019.0,1975
95993,96603.0,2021-08-24,303.8,304.5,300.8,301.4,18175800.0,MSFT,Microsoft,reports,Information Technology,Systems Software,"Redmond, Washington",1994-06-01,789019.0,1975
95994,96604.0,2021-08-25,303.1,303.4,299.3,300.8,20006100.0,MSFT,Microsoft,reports,Information Technology,Systems Software,"Redmond, Washington",1994-06-01,789019.0,1975
95995,96605.0,2021-08-26,299.8,301.3,297.8,297.9,17666100.0,MSFT,Microsoft,reports,Information Technology,Systems Software,"Redmond, Washington",1994-06-01,789019.0,1975
95996,96606.0,2021-08-27,297.8,299.7,295.7,298.6,22605700.0,MSFT,Microsoft,reports,Information Technology,Systems Software,"Redmond, Washington",1994-06-01,789019.0,1975
95997,96607.0,2021-08-30,299.9,303.0,299.9,302.4,16348100.0,MSFT,Microsoft,reports,Information Technology,Systems Software,"Redmond, Washington",1994-06-01,789019.0,1975
95998,96608.0,2021-08-31,303.2,303.3,300.3,300.7,26285300.0,MSFT,Microsoft,reports,Information Technology,Systems Software,"Redmond, Washington",1994-06-01,789019.0,1975
95999,96609.0,2021-09-01,301.7,304.0,300.3,300.7,18983800.0,MSFT,Microsoft,reports,Information Technology,Systems Software,"Redmond, Washington",1994-06-01,789019.0,1975
96000,96610.0,2021-09-02,301.0,302.2,299.0,300.0,16285600.0,MSFT,Microsoft,reports,Information Technology,Systems Software,"Redmond, Washington",1994-06-01,789019.0,1975
96001,96611.0,2021-09-03,299.8,301.4,299.1,300.0,14747900.0,MSFT,Microsoft,reports,Information Technology,Systems Software,"Redmond, Washington",1994-06-01,789019.0,1975
96002,96612.0,2021-09-07,299.8,299.9,297.0,299.0,17180400.0,MSFT,Microsoft,reports,Information Technology,Systems Software,"Redmond, Washington",1994-06-01,789019.0,1975
96003,96613.0,2021-09-08,298.6,299.4,296.3,299.0,15046800.0,MSFT,Microsoft,reports,Information Technology,Systems Software,"Redmond, Washington",1994-06-01,789019.0,1975
96004,96614.0,2021-09-09,299.7,301.0,295.8,296.1,19927000.0,MSFT,Microsoft,reports,Information Technology,Systems Software,"Redmond, Washington",1994-06-01,789019.0,1975
96005,96615.0,2021-09-10,297.3,298.8,294.2,294.6,19633400.0,MSFT,Microsoft,reports,Information Technology,Systems Software,"Redmond, Washington",1994-06-01,789019.0,1975
96006,96616.0,2021-09-13,296.4,297.4,292.9,295.8,23652900.0,MSFT,Microsoft,reports,Information Technology,Systems Software,"Redmond, Washington",1994-06-01,789019.0,1975
96007,96617.0,2021-09-14,298.4,300.2,296.9,298.6,21853400.0,MSFT,Microsoft,reports,Information Technology,Systems Software,"Redmond, Washington",1994-06-01,789019.0,1975
96008,96618.0,2021-09-15,302.1,304.1,300.6,303.6,28356300.0,MSFT,Microsoft,reports,Information Technology,Systems Software,"Redmond, Washington",1994-06-01,789019.0,1975
96009,96619.0,2021-09-16,302.6,304.1,299.6,304.0,19550800.0,MSFT,Microsoft,reports,Information Technology,Systems Software,"Redmond, Washington",1994-06-01,789019.0,1975
96010,96620.0,2021-09-17,303.0,303.3,298.4,298.7,41372500.0,MSFT,Microsoft,reports,Information Technology,Systems Software,"Redmond, Washington",1994-06-01,789019.0,1975
96011,96621.0,2021-09-20,295.2,297.6,288.4,293.2,38278700.0,MSFT,Microsoft,reports,Information Technology,Systems Software,"Redmond, Washington",1994-06-01,789019.0,1975
96012,96622.0,2021-09-21,294.5,296.4,292.9,293.7,22364100.0,MSFT,Microsoft,reports,Information Technology,Systems Software,"Redmond, Washington",1994-06-01,789019.0,1975
96013,96623.0,2021-09-22,295.6,299.1,293.4,297.4,26626300.0,MSFT,Microsoft,reports,Information Technology,Systems Software,"Redmond, Washington",1994-06-01,789019.0,1975
96014,96624.0,2021-09-23,297.7,299.7,296.4,298.4,18604600.0,MSFT,Microsoft,reports,Information Technology,Systems Software,"Redmond, Washington",1994-06-01,789019.0,1975
96015,96625.0,2021-09-24,297.1,298.6,295.8,298.2,14999000.0,MSFT,Microsoft,reports,Information Technology,Systems Software,"Redmond, Washington",1994-06-01,789019.0,1975
96016,96626.0,2021-09-27,295.0,295.3,291.8,293.0,23571700.0,MSFT,Microsoft,reports,Information Technology,Systems Software,"Redmond, Washington",1994-06-01,789019.0,1975
96017,96627.0,2021-09-28,288.7,289.7,281.7,282.4,43186200.0,MSFT,Microsoft,reports,Information Technology,Systems Software,"Redmond, Washington",1994-06-01,789019.0,1975
96018,96628.0,2021-09-29,284.0,285.7,281.9,282.9,26353700.0,MSFT,Microsoft,reports,Information Technology,Systems Software,"Redmond, Washington",1994-06-01,789019.0,1975
96019,96629.0,2021-09-30,284.6,286.7,280.5,280.8,32343600.0,MSFT,Microsoft,reports,Information Technology,Systems Software,"Redmond, Washington",1994-06-01,789019.0,1975
96020,96630.0,2021-10-01,281.0,288.9,280.2,288.0,30086300.0,MSFT,Microsoft,reports,Information Technology,Systems Software,"Redmond, Washington",1994-06-01,789019.0,1975
96021,96631.0,2021-10-04,286.3,286.6,279.2,282.0,31350700.0,MSFT,Microsoft,reports,Information Technology,Systems Software,"Redmond, Washington",1994-06-01,789019.0,1975
96022,96632.0,2021-10-05,282.9,289.3,282.9,287.6,24993000.0,MSFT,Microsoft,reports,Information Technology,Systems Software,"Redmond, Washington",1994-06-01,789019.0,1975
96023,96633.0,2021-10-06,284.7,292.5,284.4,292.0,28002600.0,MSFT,Microsoft,reports,Information Technology,Systems Software,"Redmond, Washington",1994-06-01,789019.0,1975
96024,96634.0,2021-10-07,294.0,295.5,292.8,293.7,20430500.0,MSFT,Microsoft,reports,Information Technology,Systems Software,"Redmond, Washington",1994-06-01,789019.0,1975
96025,96635.0,2021-10-08,295.1,295.5,292.6,293.7,17685700.0,MSFT,Microsoft,reports,Information Technology,Systems Software,"Redmond, Washington",1994-06-01,789019.0,1975
96026,96636.0,2021-10-11,291.8,296.8,291.6,293.1,19298600.0,MSFT,Microsoft,reports,Information Technology,Systems Software,"Redmond, Washington",1994-06-01,789019.0,1975
96027,96637.0,2021-10-12,294.2,294.3,291.2,291.7,17974100.0,MSFT,Microsoft,reports,Information Technology,Systems Software,"Redmond, Washington",1994-06-01,789019.0,1975
96028,96638.0,2021-10-13,293.8,296.1,292.3,295.2,23416300.0,MSFT,Microsoft,reports,Information Technology,Systems Software,"Redmond, Washington",1994-06-01,789019.0,1975
96029,96639.0,2021-10-14,298.0,302.1,296.7,301.6,27262900.0,MSFT,Microsoft,reports,Information Technology,Systems Software,"Redmond, Washington",1994-06-01,789019.0,1975
96030,96640.0,2021-10-15,301.2,303.3,299.4,303.0,25384800.0,MSFT,Microsoft,reports,Information Technology,Systems Software,"Redmond, Washington",1994-06-01,789019.0,1975
96031,96641.0,2021-10-18,302.4,307.0,301.5,306.1,22729300.0,MSFT,Microsoft,reports,Information Technology,Systems Software,"Redmond, Washington",1994-06-01,789019.0,1975
96032,96642.0,2021-10-19,307.2,308.1,306.0,307.0,17682100.0,MSFT,Microsoft,reports,Information Technology,Systems Software,"Redmond, Washington",1994-06-01,789019.0,1975
96033,96643.0,2021-10-20,308.0,308.5,304.9,306.2,16537100.0,MSFT,Microsoft,reports,Information Technology,Systems Software,"Redmond, Washington",1994-06-01,789019.0,1975
96034,96644.0,2021-10-21,306.0,309.8,305.2,309.6,16918100.0,MSFT,Microsoft,reports,Information Technology,Systems Software,"Redmond, Washington",1994-06-01,789019.0,1975
96035,96645.0,2021-10-22,309.2,309.9,306.6,308.0,17449300.0,MSFT,Microsoft,reports,Information Technology,Systems Software,"Redmond, Washington",1994-06-01,789019.0,1975
96036,96646.0,2021-10-25,308.2,308.2,305.3,306.9,17554500.0,MSFT,Microsoft,reports,Information Technology,Systems Software,"Redmond, Washington",1994-06-01,789019.0,1975
96037,96647.0,2021-10-26,309.8,311.2,307.4,308.9,28107300.0,MSFT,Microsoft,reports,Information Technology,Systems Software,"Redmond, Washington",1994-06-01,789019.0,1975
96038,96648.0,2021-10-27,314.8,324.8,314.8,321.9,52588700.0,MSFT,Microsoft,reports,Information Technology,Systems Software,"Redmond, Washington",1994-06-01,789019.0,1975
96039,96649.0,2021-10-28,323.1,323.6,320.1,323.1,26297900.0,MSFT,Microsoft,reports,Information Technology,Systems Software,"Redmond, Washington",1994-06-01,789019.0,1975
96040,96650.0,2021-10-29,322.9,330.7,322.6,330.3,34766000.0,MSFT,Microsoft,reports,Information Technology,Systems Software,"Redmond, Washington",1994-06-01,789019.0,1975
96041,96651.0,2021-11-01,330.1,330.2,325.1,328.1,27073200.0,MSFT,Microsoft,reports,Information Technology,Systems Software,"Redmond, Washington",1994-06-01,789019.0,1975
96042,96652.0,2021-11-02,329.0,332.2,328.7,331.8,26487100.0,MSFT,Microsoft,reports,Information Technology,Systems Software,"Redmond, Washington",1994-06-01,789019.0,1975
96043,96653.0,2021-11-03,332.6,333.6,329.4,332.7,21500100.0,MSFT,Microsoft,reports,Information Technology,Systems Software,"Redmond, Washington",1994-06-01,789019.0,1975
96044,96654.0,2021-11-04,331.6,335.2,328.2,335.1,23992200.0,MSFT,Microsoft,reports,Information Technology,Systems Software,"Redmond, Washington",1994-06-01,789019.0,1975
96045,96655.0,2021-11-05,337.2,337.5,333.1,334.8,22570100.0,MSFT,Microsoft,reports,Information Technology,Systems Software,"Redmond, Washington",1994-06-01,789019.0,1975
96046,96656.0,2021-11-08,336.0,336.3,333.1,335.7,20897000.0,MSFT,Microsoft,reports,Information Technology,Systems Software,"Redmond, Washington",1994-06-01,789019.0,1975
96047,96657.0,2021-11-09,335.8,337.4,333.2,334.6,21307400.0,MSFT,Microsoft,reports,Information Technology,Systems Software,"Redmond, Washington",1994-06-01,789019.0,1975
96048,96658.0,2021-11-10,333.3,333.3,328.6,329.5,25500900.0,MSFT,Microsoft,reports,Information Technology,Systems Software,"Redmond, Washington",1994-06-01,789019.0,1975
96049,96659.0,2021-11-11,330.0,332.5,329.2,331.1,16849800.0,MSFT,Microsoft,reports,Information Technology,Systems Software,"Redmond, Washington",1994-06-01,789019.0,1975
96050,96660.0,2021-11-12,332.6,335.9,332.5,335.4,23831000.0,MSFT,Microsoft,reports,Information Technology,Systems Software,"Redmond, Washington",1994-06-01,789019.0,1975
96051,96661.0,2021-11-15,336.2,336.6,332.7,334.8,16723000.0,MSFT,Microsoft,reports,Information Technology,Systems Software,"Redmond, Washington",1994-06-01,789019.0,1975
96052,96662.0,2021-11-16,334.4,339.3,334.2,338.2,20886800.0,MSFT,Microsoft,reports,Information Technology,Systems Software,"Redmond, Washington",1994-06-01,789019.0,1975
96053,96663.0,2021-11-17,338.2,341.5,337.3,338.4,19053400.0,MSFT,Microsoft,reports,Information Technology,Systems Software,"Redmond, Washington",1994-06-01,789019.0,1975
96054,96664.0,2021-11-18,337.5,341.7,336.4,340.6,22463500.0,MSFT,Microsoft,reports,Information Technology,Systems Software,"Redmond, Washington",1994-06-01,789019.0,1975
96055,96665.0,2021-11-19,341.9,344.4,341.5,342.4,21963400.0,MSFT,Microsoft,reports,Information Technology,Systems Software,"Redmond, Washington",1994-06-01,789019.0,1975
96056,96666.0,2021-11-22,343.9,348.9,338.8,339.1,31031100.0,MSFT,Microsoft,reports,Information Technology,Systems Software,"Redmond, Washington",1994-06-01,789019.0,1975
96057,96667.0,2021-11-23,336.4,338.7,332.9,337.0,30427600.0,MSFT,Microsoft,reports,Information Technology,Systems Software,"Redmond, Washington",1994-06-01,789019.0,1975
96058,96668.0,2021-11-24,335.6,337.5,333.2,337.2,21661300.0,MSFT,Microsoft,reports,Information Technology,Systems Software,"Redmond, Washington",1994-06-01,789019.0,1975
96059,96669.0,2021-11-26,333.7,337.2,327.4,329.0,24217200.0,MSFT,Microsoft,reports,Information Technology,Systems Software,"Redmond, Washington",1994-06-01,789019.0,1975
96060,96670.0,2021-11-29,334.2,338.3,334.0,335.9,28563500.0,MSFT,Microsoft,reports,Information Technology,Systems Software,"Redmond, Washington",1994-06-01,789019.0,1975
96061,96671.0,2021-11-30,334.6,337.1,328.3,329.9,42885600.0,MSFT,Microsoft,reports,Information Technology,Systems Software,"Redmond, Washington",1994-06-01,789019.0,1975
96062,96672.0,2021-12-01,334.4,338.6,328.7,329.4,33337600.0,MSFT,Microsoft,reports,Information Technology,Systems Software,"Redmond, Washington",1994-06-01,789019.0,1975
96063,96673.0,2021-12-02,329.6,332.8,327.1,328.8,30766000.0,MSFT,Microsoft,reports,Information Technology,Systems Software,"Redmond, Washington",1994-06-01,789019.0,1975
96064,96674.0,2021-12-03,331.3,332.0,317.4,322.3,41779300.0,MSFT,Microsoft,reports,Information Technology,Systems Software,"Redmond, Washington",1994-06-01,789019.0,1975
96065,96675.0,2021-12-06,323.3,326.8,318.6,325.5,30032600.0,MSFT,Microsoft,reports,Information Technology,Systems Software,"Redmond, Washington",1994-06-01,789019.0,1975
96066,96676.0,2021-12-07,331.0,335.1,329.4,334.2,31021900.0,MSFT,Microsoft,reports,Information Technology,Systems Software,"Redmond, Washington",1994-06-01,789019.0,1975
96067,96677.0,2021-12-08,334.6,334.8,330.1,334.3,24761000.0,MSFT,Microsoft,reports,Information Technology,Systems Software,"Redmond, Washington",1994-06-01,789019.0,1975
96068,96678.0,2021-12-09,333.7,335.8,331.4,332.4,22214200.0,MSFT,Microsoft,reports,Information Technology,Systems Software,"Redmond, Washington",1994-06-01,789019.0,1975
96069,96679.0,2021-12-10,334.3,342.3,334.1,341.8,38095700.0,MSFT,Microsoft,reports,Information Technology,Systems Software,"Redmond, Washington",1994-06-01,789019.0,1975
96070,96680.0,2021-12-13,340.0,343.1,338.4,338.7,28899400.0,MSFT,Microsoft,reports,Information Technology,Systems Software,"Redmond, Washington",1994-06-01,789019.0,1975
96071,96681.0,2021-12-14,332.5,333.9,323.4,327.7,44438700.0,MSFT,Microsoft,reports,Information Technology,Systems Software,"Redmond, Washington",1994-06-01,789019.0,1975
96072,96682.0,2021-12-15,327.9,334.5,323.8,334.0,35381100.0,MSFT,Microsoft,reports,Information Technology,Systems Software,"Redmond, Washington",1994-06-01,789019.0,1975
96073,96683.0,2021-12-16,335.0,336.1,322.4,324.2,35034800.0,MSFT,Microsoft,reports,Information Technology,Systems Software,"Redmond, Washington",1994-06-01,789019.0,1975
96074,96684.0,2021-12-17,320.2,324.2,316.6,323.1,47750300.0,MSFT,Microsoft,reports,Information Technology,Systems Software,"Redmond, Washington",1994-06-01,789019.0,1975
96075,96685.0,2021-12-20,319.4,322.1,316.9,319.2,28326500.0,MSFT,Microsoft,reports,Information Technology,Systems Software,"Redmond, Washington",1994-06-01,789019.0,1975
96076,96686.0,2021-12-21,322.6,327.1,319.1,326.6,24740600.0,MSFT,Microsoft,reports,Information Technology,Systems Software,"Redmond, Washington",1994-06-01,789019.0,1975
96077,96687.0,2021-12-22,327.6,332.9,325.1,332.5,24831500.0,MSFT,Microsoft,reports,Information Technology,Systems Software,"Redmond, Washington",1994-06-01,789019.0,1975
96078,96688.0,2021-12-23,332.1,335.7,332.0,334.0,19617800.0,MSFT,Microsoft,reports,Information Technology,Systems Software,"Redmond, Washington",1994-06-01,789019.0,1975
96079,96689.0,2021-12-27,334.8,341.8,334.7,341.7,19947000.0,MSFT,Microsoft,reports,Information Technology,Systems Software,"Redmond, Washington",1994-06-01,789019.0,1975
96080,96690.0,2021-12-28,342.4,343.1,339.6,340.5,15661500.0,MSFT,Microsoft,reports,Information Technology,Systems Software,"Redmond, Washington",1994-06-01,789019.0,1975
96081,96691.0,2021-12-29,340.6,343.6,339.0,341.2,15042000.0,MSFT,Microsoft,reports,Information Technology,Systems Software,"Redmond, Washington",1994-06-01,789019.0,1975
96082,96692.0,2021-12-30,341.2,342.4,338.1,338.6,15994500.0,MSFT,Microsoft,reports,Information Technology,Systems Software,"Redmond, Washington",1994-06-01,789019.0,1975
96083,96693.0,2021-12-31,337.8,338.7,335.2,335.6,18000800.0,MSFT,Microsoft,reports,Information Technology,Systems Software,"Redmond, Washington",1994-06-01,789019.0,1975
96084,96694.0,2022-01-03,334.7,337.3,329.1,334.1,28865100.0,MSFT,Microsoft,reports,Information Technology,Systems Software,"Redmond, Washington",1994-06-01,789019.0,1975
96085,96695.0,2022-01-04,334.1,334.5,325.4,328.3,32674300.0,MSFT,Microsoft,reports,Information Technology,Systems Software,"Redmond, Washington",1994-06-01,789019.0,1975
96086,96696.0,2022-01-05,325.2,325.4,315.3,315.7,40054300.0,MSFT,Microsoft,reports,Information Technology,Systems Software,"Redmond, Washington",1994-06-01,789019.0,1975
96087,96697.0,2022-01-06,312.5,318.0,310.8,313.2,39646100.0,MSFT,Microsoft,reports,Information Technology,Systems Software,"Redmond, Washington",1994-06-01,789019.0,1975
96088,96698.0,2022-01-07,313.5,315.8,309.5,313.4,32720000.0,MSFT,Microsoft,reports,Information Technology,Systems Software,"Redmond, Washington",1994-06-01,789019.0,1975
96089,96699.0,2022-01-10,308.9,314.1,304.1,313.6,44289500.0,MSFT,Microsoft,reports,Information Technology,Systems Software,"Redmond, Washington",1994-06-01,789019.0,1975
96090,96700.0,2022-01-11,312.7,316.0,309.3,314.3,29386800.0,MSFT,Microsoft,reports,Information Technology,Systems Software,"Redmond, Washington",1994-06-01,789019.0,1975
96091,96701.0,2022-01-12,319.0,322.7,316.4,317.6,34372200.0,MSFT,Microsoft,reports,Information Technology,Systems Software,"Redmond, Washington",1994-06-01,789019.0,1975
96092,96702.0,2022-01-13,319.8,320.2,303.4,304.2,45366000.0,MSFT,Microsoft,reports,Information Technology,Systems Software,"Redmond, Washington",1994-06-01,789019.0,1975
96093,96703.0,2022-01-14,303.6,310.2,303.1,309.6,39846400.0,MSFT,Microsoft,reports,Information Technology,Systems Software,"Redmond, Washington",1994-06-01,789019.0,1975
96094,96704.0,2022-01-18,303.4,309.2,301.1,302.0,42333200.0,MSFT,Microsoft,reports,Information Technology,Systems Software,"Redmond, Washington",1994-06-01,789019.0,1975
96095,96705.0,2022-01-19,305.7,313.3,302.1,302.7,45933900.0,MSFT,Microsoft,reports,Information Technology,Systems Software,"Redmond, Washington",1994-06-01,789019.0,1975
96096,96706.0,2022-01-20,308.4,311.0,300.5,301.0,35380700.0,MSFT,Microsoft,reports,Information Technology,Systems Software,"Redmond, Washington",1994-06-01,789019.0,1975
96097,96707.0,2022-01-21,302.1,303.5,295.0,295.4,57984400.0,MSFT,Microsoft,reports,Information Technology,Systems Software,"Redmond, Washington",1994-06-01,789019.0,1975
96098,96708.0,2022-01-24,291.6,296.5,275.5,295.8,85731500.0,MSFT,Microsoft,reports,Information Technology,Systems Software,"Redmond, Washington",1994-06-01,789019.0,1975
96099,96709.0,2022-01-25,290.9,294.4,284.6,287.9,72848600.0,MSFT,Microsoft,reports,Information Technology,Systems Software,"Redmond, Washington",1994-06-01,789019.0,1975
96100,96710.0,2022-01-26,307.4,307.9,292.4,296.1,90428900.0,MSFT,Microsoft,reports,Information Technology,Systems Software,"Redmond, Washington",1994-06-01,789019.0,1975
96101,96711.0,2022-01-27,302.0,306.7,297.3,299.2,53481300.0,MSFT,Microsoft,reports,Information Technology,Systems Software,"Redmond, Washington",1994-06-01,789019.0,1975
96102,96712.0,2022-01-28,299.6,307.8,293.8,307.6,49743700.0,MSFT,Microsoft,reports,Information Technology,Systems Software,"Redmond, Washington",1994-06-01,789019.0,1975
96103,96713.0,2022-01-31,308.3,311.7,305.7,310.3,46444500.0,MSFT,Microsoft,reports,Information Technology,Systems Software,"Redmond, Washington",1994-06-01,789019.0,1975
96104,96714.0,2022-02-01,309.8,310.0,304.5,308.1,40950400.0,MSFT,Microsoft,reports,Information Technology,Systems Software,"Redmond, Washington",1994-06-01,789019.0,1975
96105,96715.0,2022-02-02,309.0,314.5,308.2,312.8,36636000.0,MSFT,Microsoft,reports,Information Technology,Systems Software,"Redmond, Washington",1994-06-01,789019.0,1975
96106,96716.0,2022-02-03,308.9,310.6,299.3,300.6,43730000.0,MSFT,Microsoft,reports,Information Technology,Systems Software,"Redmond, Washington",1994-06-01,789019.0,1975
96107,96717.0,2022-02-04,299.6,308.2,299.4,305.3,35096500.0,MSFT,Microsoft,reports,Information Technology,Systems Software,"Redmond, Washington",1994-06-01,789019.0,1975
96108,96718.0,2022-02-07,305.5,307.2,299.3,300.3,28533300.0,MSFT,Microsoft,reports,Information Technology,Systems Software,"Redmond, Washington",1994-06-01,789019.0,1975
96109,96719.0,2022-02-08,300.6,304.9,299.3,303.9,32421200.0,MSFT,Microsoft,reports,Information Technology,Systems Software,"Redmond, Washington",1994-06-01,789019.0,1975
96110,96720.0,2022-02-09,309.2,311.3,306.8,310.6,31284700.0,MSFT,Microsoft,reports,Information Technology,Systems Software,"Redmond, Washington",1994-06-01,789019.0,1975
96111,96721.0,2022-02-10,303.4,308.5,300.1,301.8,45386200.0,MSFT,Microsoft,reports,Information Technology,Systems Software,"Redmond, Washington",1994-06-01,789019.0,1975
96112,96722.0,2022-02-11,302.6,303.7,293.6,294.4,39175600.0,MSFT,Microsoft,reports,Information Technology,Systems Software,"Redmond, Washington",1994-06-01,789019.0,1975
96113,96723.0,2022-02-14,293.2,296.1,290.7,294.4,36359500.0,MSFT,Microsoft,reports,Information Technology,Systems Software,"Redmond, Washington",1994-06-01,789019.0,1975
96114,96724.0,2022-02-15,299.4,300.2,296.4,299.9,27058300.0,MSFT,Microsoft,reports,Information Technology,Systems Software,"Redmond, Washington",1994-06-01,789019.0,1975
96115,96725.0,2022-02-16,298.4,300.9,293.7,299.5,29982100.0,MSFT,Microsoft,reports,Information Technology,Systems Software,"Redmond, Washington",1994-06-01,789019.0,1975
96116,96726.0,2022-02-17,296.4,296.8,290.0,290.7,32461600.0,MSFT,Microsoft,reports,Information Technology,Systems Software,"Redmond, Washington",1994-06-01,789019.0,1975
96117,96727.0,2022-02-18,293.0,293.9,286.3,287.9,34264000.0,MSFT,Microsoft,reports,Information Technology,Systems Software,"Redmond, Washington",1994-06-01,789019.0,1975
96118,96728.0,2022-02-22,285.0,291.5,284.5,287.7,41736100.0,MSFT,Microsoft,reports,Information Technology,Systems Software,"Redmond, Washington",1994-06-01,789019.0,1975
96119,96729.0,2022-02-23,290.2,291.7,280.1,280.3,37811200.0,MSFT,Microsoft,reports,Information Technology,Systems Software,"Redmond, Washington",1994-06-01,789019.0,1975
96120,96730.0,2022-02-24,272.5,295.2,271.5,294.6,56989700.0,MSFT,Microsoft,reports,Information Technology,Systems Software,"Redmond, Washington",1994-06-01,789019.0,1975
96121,96731.0,2022-02-25,295.1,297.6,291.6,297.3,32546700.0,MSFT,Microsoft,reports,Information Technology,Systems Software,"Redmond, Washington",1994-06-01,789019.0,1975
96122,96732.0,2022-02-28,294.3,299.1,293.0,298.8,34585700.0,MSFT,Microsoft,reports,Information Technology,Systems Software,"Redmond, Washington",1994-06-01,789019.0,1975
96123,96733.0,2022-03-01,296.4,300.0,292.1,295.0,31217800.0,MSFT,Microsoft,reports,Information Technology,Systems Software,"Redmond, Washington",1994-06-01,789019.0,1975
96124,96734.0,2022-03-02,295.4,301.5,293.7,300.2,31873000.0,MSFT,Microsoft,reports,Information Technology,Systems Software,"Redmond, Washington",1994-06-01,789019.0,1975
96125,96735.0,2022-03-03,302.9,303.1,294.0,295.9,27314500.0,MSFT,Microsoft,reports,Information Technology,Systems Software,"Redmond, Washington",1994-06-01,789019.0,1975
96126,96736.0,2022-03-04,294.3,295.7,287.2,289.9,32356500.0,MSFT,Microsoft,reports,Information Technology,Systems Software,"Redmond, Washington",1994-06-01,789019.0,1975
96127,96737.0,2022-03-07,288.5,289.7,278.5,278.9,43157200.0,MSFT,Microsoft,reports,Information Technology,Systems Software,"Redmond, Washington",1994-06-01,789019.0,1975
96128,96738.0,2022-03-08,277.8,284.0,270.0,275.9,48159500.0,MSFT,Microsoft,reports,Information Technology,Systems Software,"Redmond, Washington",1994-06-01,789019.0,1975
96129,96739.0,2022-03-09,283.4,289.6,280.8,288.5,35204500.0,MSFT,Microsoft,reports,Information Technology,Systems Software,"Redmond, Washington",1994-06-01,789019.0,1975
96130,96740.0,2022-03-10,283.0,286.6,280.6,285.6,30628000.0,MSFT,Microsoft,reports,Information Technology,Systems Software,"Redmond, Washington",1994-06-01,789019.0,1975
96131,96741.0,2022-03-11,288.0,289.5,279.4,280.1,27192600.0,MSFT,Microsoft,reports,Information Technology,Systems Software,"Redmond, Washington",1994-06-01,789019.0,1975
96132,96742.0,2022-03-14,280.3,285.4,275.8,276.4,30660700.0,MSFT,Microsoft,reports,Information Technology,Systems Software,"Redmond, Washington",1994-06-01,789019.0,1975
96133,96743.0,2022-03-15,280.4,287.8,278.7,287.1,34245100.0,MSFT,Microsoft,reports,Information Technology,Systems Software,"Redmond, Washington",1994-06-01,789019.0,1975
96134,96744.0,2022-03-16,289.1,294.6,283.2,294.4,37826300.0,MSFT,Microsoft,reports,Information Technology,Systems Software,"Redmond, Washington",1994-06-01,789019.0,1975
96135,96745.0,2022-03-17,293.3,295.6,289.4,295.2,30816600.0,MSFT,Microsoft,reports,Information Technology,Systems Software,"Redmond, Washington",1994-06-01,789019.0,1975
96136,96746.0,2022-03-18,295.4,301.0,292.7,300.4,43317000.0,MSFT,Microsoft,reports,Information Technology,Systems Software,"Redmond, Washington",1994-06-01,789019.0,1975
96137,96747.0,2022-03-21,298.9,300.1,294.9,299.2,28351200.0,MSFT,Microsoft,reports,Information Technology,Systems Software,"Redmond, Washington",1994-06-01,789019.0,1975
